[Licensing::Module] Trying to connect to existing licensing client channel...
Built from '6000.4/staging' branch; Version is '6000.4.9f1 (f7258d6eebbe) revision 16197005'; Using compiler version '194234433'; Build Type 'Release'
OS: 'Windows 10  (10.0.19045) 64bit Core' Language: 'fr' Physical Memory: 65484 MB
BatchMode: 1, IsHumanControllingUs: 0, StartBugReporterOnCrash: 0, Is64bit: 1
[Licensing::IpcConnector] Successfully connected to: "LicenseClient-Matt" at "2026-07-27T22:49:50.0230143Z"
System  architecture: x64
Process architecture: x64
Date: 2026-07-27T22:49:50Z

COMMAND LINE ARGUMENTS:
C:\Program Files\Unity\Hub\Editor\6000.4.9f1\Editor\Unity.exe
-adb2
-batchMode
-noUpm
-name
AssetImportWorker2
-projectPath
F:/prod/RuneForge/Rune Forge
-logFile
Logs/AssetImportWorker2.log
-srvPort
51736
-licensingIpc
LicenseClient-Matt
-force-d3d12
-job-worker-count
5
-background-job-worker-count
8
-gc-helper-count
1
-name
AssetImport
Successfully changed project path to: F:/prod/RuneForge/Rune Forge
F:/prod/RuneForge/Rune Forge
[UnityMemory] Configuration Parameters - Can be set up in boot.config
    "memorysetup-temp-allocator-size-gi-baking-worker=262144"
    "memorysetup-temp-allocator-size-gi-baking-worker=262144"
    "memorysetup-temp-allocator-size-gi-baking-worker=262144"
    "memorysetup-temp-allocator-size-gi-baking-worker=262144"
    "memorysetup-temp-allocator-size-gi-baking-worker=262144"
    "memorysetup-temp-allocator-size-nav-mesh-worker=65536"
    "memorysetup-temp-allocator-size-audio-worker=65536"
    "memorysetup-temp-allocator-size-cloud-worker=32768"
    "memorysetup-temp-allocator-size-gfx=262144"
    "memorysetup-temp-allocator-size-preload-manager=33554432"
    "memorysetup-temp-allocator-size-job-worker=262144"
    "memorysetup-temp-allocator-size-background-worker=32768"
    "memorysetup-allocator-temp-initial-block-size-main=262144"
    "memorysetup-allocator-temp-initial-block-size-worker=262144"
    "memorysetup-bucket-allocator-granularity=16"
    "memorysetup-bucket-allocator-bucket-count=8"
    "memorysetup-bucket-allocator-block-size=33554432"
    "memorysetup-bucket-allocator-block-count=8"
    "memorysetup-main-allocator-block-size=16777216"
    "memorysetup-thread-allocator-block-size=16777216"
    "memorysetup-gfx-main-allocator-block-size=16777216"
    "memorysetup-gfx-thread-allocator-block-size=16777216"
    "memorysetup-cache-allocator-block-size=4194304"
    "memorysetup-typetree-allocator-block-size=2097152"
    "memorysetup-profiler-bucket-allocator-granularity=16"
    "memorysetup-profiler-bucket-allocator-bucket-count=8"
    "memorysetup-profiler-bucket-allocator-block-size=33554432"
    "memorysetup-profiler-bucket-allocator-block-count=8"
    "memorysetup-profiler-allocator-block-size=16777216"
    "memorysetup-profiler-editor-allocator-block-size=1048576"
    "memorysetup-temp-allocator-size-main=16777216"
    "memorysetup-job-temp-allocator-block-size=2097152"
    "memorysetup-job-temp-allocator-block-size-background=1048576"
    "memorysetup-job-temp-allocator-reduction-small-platforms=262144"
Player connection [7600]  Target information:

Player connection [7600]  * "[IP] 192.168.1.153 [Port] 0 [Flags] 2 [Guid] 3191344073 [EditorId] 3191344073 [Version] 1048832 [Id] WindowsEditor(7,DESKTOP-DT0SGPO) [Debug] 1 [PackageName] WindowsEditor [ProjectName] Editor" 

Player connection [7600] Host joined multi-casting on [225.0.0.222:54997]...
Player connection [7600] Host joined alternative multi-casting on [225.0.0.222:34997]...
JobSystem: Creating JobQueue using job-worker-count value 5
Input System module state changed to: Initialized.
[Physics::Module] Initialized fallback backend.
[Physics::Module] Id: 0xdecafbad
Library Redirect Path: Library/
[Physics::Module] Selected backend.
[Physics::Module] Name: PhysX
[Physics::Module] Id: 0xf2b8ea05
[Physics::Module] SDK Version: 4.1.2
[Physics::Module] Integration Version: 1.0.0
[Physics::Module] Threading Mode: Multi-Threaded
Refreshing native plugins compatible for Editor in 3.36 ms, found 4 plugins.
Initialize engine version: 6000.4.9f1 (f7258d6eebbe)
[Subsystems] Discovering subsystems at path C:/Program Files/Unity/Hub/Editor/6000.4.9f1/Editor/Data/Resources/UnitySubsystems
[Subsystems] Discovering subsystems at path F:/prod/RuneForge/Rune Forge/Assets
Forcing GfxDevice: Direct3D 12
GfxDevice: creating device client; kGfxThreadingModeNonThreaded
d3d12: failed to query info queue interface (0x80004002).
Direct3D:
    Version:         Direct3D 12 [level 12.2]
    Renderer:        NVIDIA GeForce RTX 4070 Ti (ID=0x2782)
    Vendor:          NVIDIA
    VRAM:            11996 MB
    App VRAM Budget: 11228 MB
    Driver:          32.0.15.9597
Initialize mono
Mono path[0] = 'C:/Program Files/Unity/Hub/Editor/6000.4.9f1/Editor/Data/Managed'
Mono path[1] = 'C:/Program Files/Unity/Hub/Editor/6000.4.9f1/Editor/Data/MonoBleedingEdge/lib/mono/unityjit-win32'
Mono config path = 'C:/Program Files/Unity/Hub/Editor/6000.4.9f1/Editor/Data/MonoBleedingEdge/etc'
Using monoOptions --debugger-agent=transport=dt_socket,embedding=1,server=y,suspend=n,address=127.0.0.1:56044
CodeReloadManager initialized
Begin MonoManager ReloadAssembly
[Licensing::Client] Error: HandshakeResponse reported an error:
	ResponseCode: 505
	ResponseStatus: Unsupported protocol version '1.18.1'.
[Licensing::Module] Error: Failed to handshake to channel: "LicenseClient-Matt"
[Licensing::IpcConnector] LicenseClient-Matt channel disconnected successfully.
[Licensing::IpcConnector] Successfully connected to: "LicenseClient-Matt-6000.4.9" at "2026-07-27T22:49:51.1241533Z"
[Licensing::Client] Code 10 while verifying Licensing Client signature (process Id: 23088, path: "C:/Program Files/Unity/Hub/Editor/6000.4.9f1/Editor/Data/Resources/Licensing/Client/Unity.Licensing.Client.exe")
[Licensing::Module] LicensingClient has failed validation; ignoring
[Licensing::Client] Handshaking with LicensingClient:
  Version:                 1.18.1+9fbee8e
  Session Id:              81eab34ac6454b56a127c91ef41dc52c
  Correlation Id:          a88f862e6fc4ffe937e527a16b40753b
  External correlation Id: 5875914509913446260
  Machine Id:              YOC6Yf3TLUMcBJRDJt+x9EeY4YI=
[Licensing::Module] Successfully connected to LicensingClient on channel: "LicenseClient-Matt-6000.4.9" (connect: 0.00s, validation: 0.00s, handshake: 0.00s)
[Licensing::IpcConnector] Successfully connected to: "LicenseClient-Matt-6000.4.9-notifications" at "2026-07-27T22:49:51.1291656Z"
[Licensing::Module] Licensing Background thread has ended after 1.11s
Registering precompiled unity dll's ...
Register platform support module: C:/Program Files/Unity/Hub/Editor/6000.4.9f1/Editor/Data/PlaybackEngines/WebGLSupport/UnityEditor.WebGL.Extensions.dll
Register platform support module: C:/Program Files/Unity/Hub/Editor/6000.4.9f1/Editor/Data/PlaybackEngines/WindowsStandaloneSupport/UnityEditor.WindowsStandalone.Extensions.dll
Registered in 0.002530 seconds.
Native extension for WindowsStandalone target not found
Native extension for WebGL target not found
Package Manager log level set to [2]
[Package Manager] Failed to launch server process. Reason: Unity was launched with the -noUpm command-line argument
[Package Manager] Unable to send message (not connected to server process).
[Package Manager] Cannot connect to Unity Package Manager local server
ScheduleIndexationOnStartup MainProcess:False IndexOnStartup:True
Mono: successfully reloaded assembly
- Finished resetting the current domain, in  0.463 seconds
Domain Reload Profiling: 964ms
	BeginReloadAssembly (113ms)
	RebuildCommonClasses (49ms)
	RebuildNativeTypeToScriptingClass (16ms)
	initialDomainReloadingComplete (73ms)
	LoadAllAssembliesAndSetupDomain (250ms)
		LoadAssemblies (108ms)
		AnalyzeDomain (239ms)
			TypeCache.Refresh (237ms)
				TypeCache.ScanAssembly (222ms)
	FinalizeReload (464ms)
		SetupLoadedEditorAssemblies (0ms)
			InitializePlatformSupportModulesInManaged (57ms)
			BeforeProcessingInitializeOnLoad (99ms)
			ProcessInitializeOnLoadAttributes (120ms)
			ProcessInitializeOnLoadMethodAttributes (87ms)
========================================================================
Worker process is ready to serve import requests
Import Worker Mode flag is 0x00
Begin MonoManager ReloadAssembly
[Licensing::Client] Successfully resolved entitlement details
[Licensing::Module] License group:
  Id: F4-GDRJ-JSAW-Z6KE-UYZU-XXXX
  Product: Unity Personal
  Type: ULF
  Expiration: Unlimited
[Licensing::Module] License group:
  Id: 20066153379321-UnityPersXXXX
  Product: Unity Personal
  Type: Assigned
  Expiration: Unlimited
Assembly Assembly-CSharp-Editor-firstpass.dll at Library/ScriptAssemblies/Assembly-CSharp-Editor-firstpass.dll not valid. Loading of assembly skipped.
Assembly Assembly-CSharp-firstpass.dll at Library/ScriptAssemblies/Assembly-CSharp-firstpass.dll not valid. Loading of assembly skipped.
Assembly DocCodeExamples.dll at Library/ScriptAssemblies/DocCodeExamples.dll not valid. Loading of assembly skipped.
Assembly TestNewCustomAssembly.dll at Library/ScriptAssemblies/TestNewCustomAssembly.dll not valid. Loading of assembly skipped.
Assembly Unity.Collections.BurstCompatibilityGen.dll at Library/ScriptAssemblies/Unity.Collections.BurstCompatibilityGen.dll not valid. Loading of assembly skipped.
Assembly Unity.Collections.DocCodeSamples.dll at Library/ScriptAssemblies/Unity.Collections.DocCodeSamples.dll not valid. Loading of assembly skipped.
Assembly Unity.Collections.PerformanceTests.dll at Library/ScriptAssemblies/Unity.Collections.PerformanceTests.dll not valid. Loading of assembly skipped.
Assembly Unity.Collections.Tests.dll at Library/ScriptAssemblies/Unity.Collections.Tests.dll not valid. Loading of assembly skipped.
Assembly Unity.Collections.Tests.Playmode.dll at Library/ScriptAssemblies/Unity.Collections.Tests.Playmode.dll not valid. Loading of assembly skipped.
Assembly Unity.InputSystem.IntegrationTests.dll at Library/ScriptAssemblies/Unity.InputSystem.IntegrationTests.dll not valid. Loading of assembly skipped.
Assembly Unity.Mathematics.Tests.dll at Library/ScriptAssemblies/Unity.Mathematics.Tests.dll not valid. Loading of assembly skipped.
Assembly Unity.Multiplayer.Center.Editor.Tests.dll at Library/ScriptAssemblies/Unity.Multiplayer.Center.Editor.Tests.dll not valid. Loading of assembly skipped.
Assembly Unity.Multiplayer.Center.Tests.dll at Library/ScriptAssemblies/Unity.Multiplayer.Center.Tests.dll not valid. Loading of assembly skipped.
Assembly Unity.Nuget.Mono-Cecil.dll at Library/ScriptAssemblies/Unity.Nuget.Mono-Cecil.dll not valid. Loading of assembly skipped.
Assembly Unity.PathTracing.Editor.Tests.dll at Library/ScriptAssemblies/Unity.PathTracing.Editor.Tests.dll not valid. Loading of assembly skipped.
Assembly Unity.PathTracing.Runtime.Tests.dll at Library/ScriptAssemblies/Unity.PathTracing.Runtime.Tests.dll not valid. Loading of assembly skipped.
Assembly Unity.RenderPipelines.Core.Editor.Tests.dll at Library/ScriptAssemblies/Unity.RenderPipelines.Core.Editor.Tests.dll not valid. Loading of assembly skipped.
Assembly Unity.RenderPipelines.Core.Runtime.Tests.dll at Library/ScriptAssemblies/Unity.RenderPipelines.Core.Runtime.Tests.dll not valid. Loading of assembly skipped.
Assembly Unity.RenderPipelines.Universal.Config.Editor.Tests.dll at Library/ScriptAssemblies/Unity.RenderPipelines.Universal.Config.Editor.Tests.dll not valid. Loading of assembly skipped.
Assembly Unity.RenderPipelines.Universal.Editor.Tests.dll at Library/ScriptAssemblies/Unity.RenderPipelines.Universal.Editor.Tests.dll not valid. Loading of assembly skipped.
Assembly Unity.RenderPipelines.Universal.Runtime.Tests.dll at Library/ScriptAssemblies/Unity.RenderPipelines.Universal.Runtime.Tests.dll not valid. Loading of assembly skipped.
Assembly Unity.Searcher.EditorTests.dll at Library/ScriptAssemblies/Unity.Searcher.EditorTests.dll not valid. Loading of assembly skipped.
Assembly Unity.ShaderGraph.Editor.Tests.dll at Library/ScriptAssemblies/Unity.ShaderGraph.Editor.Tests.dll not valid. Loading of assembly skipped.
Assembly Unity.TextMeshPro.Editor.Tests.dll at Library/ScriptAssemblies/Unity.TextMeshPro.Editor.Tests.dll not valid. Loading of assembly skipped.
Assembly Unity.TextMeshPro.Tests.dll at Library/ScriptAssemblies/Unity.TextMeshPro.Tests.dll not valid. Loading of assembly skipped.
Assembly Unity.UnifiedRayTracing.Editor.Tests.dll at Library/ScriptAssemblies/Unity.UnifiedRayTracing.Editor.Tests.dll not valid. Loading of assembly skipped.
Assembly UnityEditor.UI.Common.Tests.dll at Library/ScriptAssemblies/UnityEditor.UI.Common.Tests.dll not valid. Loading of assembly skipped.
Assembly UnityEditor.UI.EditorTests.dll at Library/ScriptAssemblies/UnityEditor.UI.EditorTests.dll not valid. Loading of assembly skipped.
Assembly UnityEngine.UI.Tests.dll at Library/ScriptAssemblies/UnityEngine.UI.Tests.dll not valid. Loading of assembly skipped.
Symbol file LoadedFromMemory is not a mono symbol file
Native extension for WindowsStandalone target not found
Native extension for WebGL target not found
[Package Manager] Failed to launch server process. Reason: Unity was launched with the -noUpm command-line argument
[Package Manager] Unable to send message (not connected to server process).
[Package Manager] Cannot connect to Unity Package Manager local server
[Package Manager] Failed to launch server process. Reason: Unity was launched with the -noUpm command-line argument
[Package Manager] Unable to send message (not connected to server process).
[Package Manager] Cannot connect to Unity Package Manager local server
ScheduleIndexationOnStartup MainProcess:False IndexOnStartup:True
Mono: successfully reloaded assembly
- Finished resetting the current domain, in  0.841 seconds
Domain Reload Profiling: 1713ms
	BeginReloadAssembly (159ms)
		DisableScriptedObjects (6ms)
		CreateAndSetChildDomain (30ms)
	RebuildCommonClasses (43ms)
	RebuildNativeTypeToScriptingClass (16ms)
	initialDomainReloadingComplete (78ms)
	LoadAllAssembliesAndSetupDomain (575ms)
		LoadAssemblies (341ms)
		AnalyzeDomain (307ms)
			TypeCache.Refresh (219ms)
				TypeCache.ScanAssembly (200ms)
			BuildScriptInfoCaches (73ms)
			ResolveRequiredComponents (12ms)
	FinalizeReload (841ms)
		SetupLoadedEditorAssemblies (0ms)
			BeforeProcessingInitializeOnLoad (177ms)
			ProcessInitializeOnLoadAttributes (330ms)
			ProcessInitializeOnLoadMethodAttributes (102ms)
			AfterProcessingInitializeOnLoad (7ms)
		AwakeInstancesAfterBackupRestoration (7ms)
Launched and connected shader compiler UnityShaderCompiler.exe after 0.01 seconds
Unloading 24 Unused Serialized files (Serialized files now loaded: 0)
Unloading 7022 unused Assets / (6.4 MB). Loaded Objects now: 7852.
Memory consumption went from 169.8 MB to 163.4 MB.
Total: 10.270700 ms (FindLiveObjects: 1.089000 ms CreateObjectMapping: 0.393300 ms MarkObjects: 5.778900 ms  DeleteObjects: 3.007700 ms)

========================================================================
Received Import Request.
  Time since last request: 374255.276632 seconds.
  path: Assets/Prefabs/Building
  importAddress: Guid(a900583836517f04898e1846109f52a6) Importer(815301076,1909f56bfc062723c751e8b465ee728b)
Start importing Assets/Prefabs/Building using Guid(a900583836517f04898e1846109f52a6) Importer(815301076,1909f56bfc062723c751e8b465ee728b) (PreviewImporter) -> (Import Result ID: 'd31997426625c5d657cfd2d88215ded7') in 0.0086999 seconds [static and dynamic dependencies]. Details - ImportResultOutputID=810d1464079db5e5b3b480ea685a5f21 DependenciesID=015000a7c31f3ffd4fbb8d1c97ac7aa7 StaticDependenciesID=b8ed12533819728dab1e49de8cf19048 
Number of updated asset objects reloaded before import = 0Number of asset objects unloaded after import = 0

========================================================================
Received Import Request.
  Time since last request: 0.919814 seconds.
  path: Assets/Prefabs/Building
  importAddress: Guid(a900583836517f04898e1846109f52a6) Importer(2089858483,b0f066a214c2f5e87bad3c948f4d605d)
Start importing Assets/Prefabs/Building using Guid(a900583836517f04898e1846109f52a6) Importer(2089858483,b0f066a214c2f5e87bad3c948f4d605d) (ScriptedImporter) -> (Import Result ID: 'ad7f64657c29e639bdc8b061d906b1ab') in 0.0530453 seconds [static and dynamic dependencies]. Details - ImportResultOutputID=92ba8b2161ed16a674b4abd29d401cfd DependenciesID=3f52f16f048a4b1be19d51ece1e89e1b StaticDependenciesID=ce69af528d48a2a7a0087fba198958d7 
Number of updated asset objects reloaded before import = 0Number of asset objects unloaded after import = 1

========================================================================
Received Import Request.
  Time since last request: 15.185725 seconds.
  path: Assets/Prefabs/Building/NewBuildingTheme.asset
  importAddress: Guid(f2821ce34c5a8424ba6de925f36a5a3c) Importer(815301076,1909f56bfc062723c751e8b465ee728b)
Start importing Assets/Prefabs/Building/NewBuildingTheme.asset using Guid(f2821ce34c5a8424ba6de925f36a5a3c) Importer(815301076,1909f56bfc062723c751e8b465ee728b) (PreviewImporter) -> (Import Result ID: 'eda2b718b52ad03772883db603bd7bfd') in 0.0179744 seconds [static and dynamic dependencies]. Details - ImportResultOutputID=006d06877106860c6423dee8c6cf8181 DependenciesID=c44e9090265b28eba15b5639acc9a3ac StaticDependenciesID=8bc9bc2fb6789d5df94d430db47598ad 
Number of updated asset objects reloaded before import = 0Number of asset objects unloaded after import = 1

========================================================================
Received Import Request.
  Time since last request: 0.954964 seconds.
  path: Assets/Prefabs/Building/NewBuildingTheme.asset
  importAddress: Guid(f2821ce34c5a8424ba6de925f36a5a3c) Importer(2089858483,b0f066a214c2f5e87bad3c948f4d605d)
Start importing Assets/Prefabs/Building/NewBuildingTheme.asset using Guid(f2821ce34c5a8424ba6de925f36a5a3c) Importer(2089858483,b0f066a214c2f5e87bad3c948f4d605d) (ScriptedImporter) -> (Import Result ID: '78272a77a6a34cc46a75534d3e845271') in 0.044844 seconds [static and dynamic dependencies]. Details - ImportResultOutputID=e6d315bdd7fa10de49968964e20291d8 DependenciesID=d0daba81e23779439b26fa764f1b38f9 StaticDependenciesID=a4b1ee2a9bfc8387a3e9574a4e73882a 
Number of updated asset objects reloaded before import = 0Number of asset objects unloaded after import = 1

========================================================================
Received Import Request.
  Time since last request: 25.991424 seconds.
  path: Assets/Prefabs/Building/TestBuildAssets.asset
  importAddress: Guid(f2821ce34c5a8424ba6de925f36a5a3c) Importer(815301076,1909f56bfc062723c751e8b465ee728b)
Start importing Assets/Prefabs/Building/TestBuildAssets.asset using Guid(f2821ce34c5a8424ba6de925f36a5a3c) Importer(815301076,1909f56bfc062723c751e8b465ee728b) (PreviewImporter) -> (Import Result ID: '8846666cf6d8dd2dae57107b5085d77b') in 0.0011136 seconds [static and dynamic dependencies]. Details - ImportResultOutputID=006d06877106860c6423dee8c6cf8181 DependenciesID=385373d7e1dff28c6f10c7bef8199f93 StaticDependenciesID=206e9bff9caf5eafd485518077bdb4d4 
Number of updated asset objects reloaded before import = 0Number of asset objects unloaded after import = 1

========================================================================
Received Import Request.
  Time since last request: 0.939607 seconds.
  path: Assets/Prefabs/Building/TestBuildAssets.asset
  importAddress: Guid(f2821ce34c5a8424ba6de925f36a5a3c) Importer(2089858483,b0f066a214c2f5e87bad3c948f4d605d)
Start importing Assets/Prefabs/Building/TestBuildAssets.asset using Guid(f2821ce34c5a8424ba6de925f36a5a3c) Importer(2089858483,b0f066a214c2f5e87bad3c948f4d605d) (ScriptedImporter) -> (Import Result ID: '0a041a7cd5b83487da7aebd172cd3f90') in 0.0120043 seconds [static and dynamic dependencies]. Details - ImportResultOutputID=fccaa1a69558cda9e002ee6ba91f93f8 DependenciesID=7080c1b69b279d379c59d05a5133b1ca StaticDependenciesID=82dcc015fe66bddb361d581a9a3fc805 
Number of updated asset objects reloaded before import = 0Number of asset objects unloaded after import = 1

========================================================================
Received Prepare
Refreshing native plugins compatible for Editor in 2.73 ms, found 4 plugins.
Unloading 24 Unused Serialized files (Serialized files now loaded: 0)
Unloading 7007 unused Assets / (5.3 MB). Loaded Objects now: 7855.
Memory consumption went from 168.4 MB to 163.1 MB.
Total: 16.669900 ms (FindLiveObjects: 1.595900 ms CreateObjectMapping: 1.723200 ms MarkObjects: 9.145600 ms  DeleteObjects: 4.203200 ms)

Prepare: number of updated asset objects reloaded= 0
========================================================================
Received Import Request.
  Time since last request: 25.957687 seconds.
  path: Assets/Scripts/ProceduralBuilder.cs
  importAddress: Guid(1f720f3cb63f7824d97870aaa9f4dc6b) Importer(2089858483,b0f066a214c2f5e87bad3c948f4d605d)
Start importing Assets/Scripts/ProceduralBuilder.cs using Guid(1f720f3cb63f7824d97870aaa9f4dc6b) Importer(2089858483,b0f066a214c2f5e87bad3c948f4d605d) (ScriptedImporter) -> (Import Result ID: 'c6bda9f21d7cbbf2bbe3a9987c352b6a') in 0.0145441 seconds [static and dynamic dependencies]. Details - ImportResultOutputID=de0f16e8ffc4afd4e6245ff37740b04a DependenciesID=3549c47d80890682c84439d060aa40fc StaticDependenciesID=2e5cd84ff5f43f5c2c062cda14581e88 
Number of updated asset objects reloaded before import = 0Number of asset objects unloaded after import = 0

========================================================================
Received Prepare
Refreshing native plugins compatible for Editor in 2.76 ms, found 4 plugins.
Unloading 24 Unused Serialized files (Serialized files now loaded: 0)
Unloading 7007 unused Assets / (5.7 MB). Loaded Objects now: 7855.
Memory consumption went from 168.5 MB to 162.8 MB.
Total: 18.083600 ms (FindLiveObjects: 1.562900 ms CreateObjectMapping: 1.239400 ms MarkObjects: 9.926200 ms  DeleteObjects: 5.353800 ms)

Prepare: number of updated asset objects reloaded= 0
========================================================================
Received Import Request.
  Time since last request: 100.608576 seconds.
  path: Assets/Editor/ProceduralBuilderEditor.cs
  importAddress: Guid(1a205180c9f056d4383d60637b6a34d0) Importer(2089858483,b0f066a214c2f5e87bad3c948f4d605d)
Start importing Assets/Editor/ProceduralBuilderEditor.cs using Guid(1a205180c9f056d4383d60637b6a34d0) Importer(2089858483,b0f066a214c2f5e87bad3c948f4d605d) (ScriptedImporter) -> (Import Result ID: 'ff6d22e3e2e6a18d083e04a07b73383b') in 0.0113659 seconds [static and dynamic dependencies]. Details - ImportResultOutputID=ec564da5cd779bd254f98378631fd504 DependenciesID=8597e0102a55ff60b923fb6f86ebbece StaticDependenciesID=bd085f8adf002abb04751878cb6800f3 
Number of updated asset objects reloaded before import = 0Number of asset objects unloaded after import = 0

========================================================================
Received Prepare
Begin MonoManager ReloadAssembly
[Licensing::Client] Successfully resolved entitlement details
[Licensing::Module] License group:
  Id: F4-GDRJ-JSAW-Z6KE-UYZU-XXXX
  Product: Unity Personal
  Type: ULF
  Expiration: Unlimited
[Licensing::Module] License group:
  Id: 20066153379321-UnityPersXXXX
  Product: Unity Personal
  Type: Assigned
  Expiration: Unlimited
Assembly Assembly-CSharp-Editor-firstpass.dll at Library/ScriptAssemblies/Assembly-CSharp-Editor-firstpass.dll not valid. Loading of assembly skipped.
Assembly Assembly-CSharp-firstpass.dll at Library/ScriptAssemblies/Assembly-CSharp-firstpass.dll not valid. Loading of assembly skipped.
Assembly DocCodeExamples.dll at Library/ScriptAssemblies/DocCodeExamples.dll not valid. Loading of assembly skipped.
Assembly TestNewCustomAssembly.dll at Library/ScriptAssemblies/TestNewCustomAssembly.dll not valid. Loading of assembly skipped.
Assembly Unity.Collections.BurstCompatibilityGen.dll at Library/ScriptAssemblies/Unity.Collections.BurstCompatibilityGen.dll not valid. Loading of assembly skipped.
Assembly Unity.Collections.DocCodeSamples.dll at Library/ScriptAssemblies/Unity.Collections.DocCodeSamples.dll not valid. Loading of assembly skipped.
Assembly Unity.Collections.PerformanceTests.dll at Library/ScriptAssemblies/Unity.Collections.PerformanceTests.dll not valid. Loading of assembly skipped.
Assembly Unity.Collections.Tests.dll at Library/ScriptAssemblies/Unity.Collections.Tests.dll not valid. Loading of assembly skipped.
Assembly Unity.Collections.Tests.Playmode.dll at Library/ScriptAssemblies/Unity.Collections.Tests.Playmode.dll not valid. Loading of assembly skipped.
Assembly Unity.InputSystem.IntegrationTests.dll at Library/ScriptAssemblies/Unity.InputSystem.IntegrationTests.dll not valid. Loading of assembly skipped.
Assembly Unity.Mathematics.Tests.dll at Library/ScriptAssemblies/Unity.Mathematics.Tests.dll not valid. Loading of assembly skipped.
Assembly Unity.Multiplayer.Center.Editor.Tests.dll at Library/ScriptAssemblies/Unity.Multiplayer.Center.Editor.Tests.dll not valid. Loading of assembly skipped.
Assembly Unity.Multiplayer.Center.Tests.dll at Library/ScriptAssemblies/Unity.Multiplayer.Center.Tests.dll not valid. Loading of assembly skipped.
Assembly Unity.Nuget.Mono-Cecil.dll at Library/ScriptAssemblies/Unity.Nuget.Mono-Cecil.dll not valid. Loading of assembly skipped.
Assembly Unity.PathTracing.Editor.Tests.dll at Library/ScriptAssemblies/Unity.PathTracing.Editor.Tests.dll not valid. Loading of assembly skipped.
Assembly Unity.PathTracing.Runtime.Tests.dll at Library/ScriptAssemblies/Unity.PathTracing.Runtime.Tests.dll not valid. Loading of assembly skipped.
Assembly Unity.RenderPipelines.Core.Editor.Tests.dll at Library/ScriptAssemblies/Unity.RenderPipelines.Core.Editor.Tests.dll not valid. Loading of assembly skipped.
Assembly Unity.RenderPipelines.Core.Runtime.Tests.dll at Library/ScriptAssemblies/Unity.RenderPipelines.Core.Runtime.Tests.dll not valid. Loading of assembly skipped.
Assembly Unity.RenderPipelines.Universal.Config.Editor.Tests.dll at Library/ScriptAssemblies/Unity.RenderPipelines.Universal.Config.Editor.Tests.dll not valid. Loading of assembly skipped.
Assembly Unity.RenderPipelines.Universal.Editor.Tests.dll at Library/ScriptAssemblies/Unity.RenderPipelines.Universal.Editor.Tests.dll not valid. Loading of assembly skipped.
Assembly Unity.RenderPipelines.Universal.Runtime.Tests.dll at Library/ScriptAssemblies/Unity.RenderPipelines.Universal.Runtime.Tests.dll not valid. Loading of assembly skipped.
Assembly Unity.Searcher.EditorTests.dll at Library/ScriptAssemblies/Unity.Searcher.EditorTests.dll not valid. Loading of assembly skipped.
Assembly Unity.ShaderGraph.Editor.Tests.dll at Library/ScriptAssemblies/Unity.ShaderGraph.Editor.Tests.dll not valid. Loading of assembly skipped.
Assembly Unity.TextMeshPro.Editor.Tests.dll at Library/ScriptAssemblies/Unity.TextMeshPro.Editor.Tests.dll not valid. Loading of assembly skipped.
Assembly Unity.TextMeshPro.Tests.dll at Library/ScriptAssemblies/Unity.TextMeshPro.Tests.dll not valid. Loading of assembly skipped.
Assembly Unity.UnifiedRayTracing.Editor.Tests.dll at Library/ScriptAssemblies/Unity.UnifiedRayTracing.Editor.Tests.dll not valid. Loading of assembly skipped.
Assembly UnityEditor.UI.Common.Tests.dll at Library/ScriptAssemblies/UnityEditor.UI.Common.Tests.dll not valid. Loading of assembly skipped.
Assembly UnityEditor.UI.EditorTests.dll at Library/ScriptAssemblies/UnityEditor.UI.EditorTests.dll not valid. Loading of assembly skipped.
Assembly UnityEngine.UI.Tests.dll at Library/ScriptAssemblies/UnityEngine.UI.Tests.dll not valid. Loading of assembly skipped.
Symbol file LoadedFromMemory is not a mono symbol file
Native extension for WindowsStandalone target not found
Native extension for WebGL target not found
[Package Manager] Failed to launch server process. Reason: Unity was launched with the -noUpm command-line argument
[Package Manager] Unable to send message (not connected to server process).
[Package Manager] Cannot connect to Unity Package Manager local server
[Package Manager] Failed to launch server process. Reason: Unity was launched with the -noUpm command-line argument
[Package Manager] Unable to send message (not connected to server process).
[Package Manager] Cannot connect to Unity Package Manager local server
ScheduleIndexationOnStartup MainProcess:False IndexOnStartup:True
Mono: successfully reloaded assembly
- Finished resetting the current domain, in  0.893 seconds
Domain Reload Profiling: 1829ms
	BeginReloadAssembly (212ms)
		DisableScriptedObjects (7ms)
		CreateAndSetChildDomain (59ms)
	RebuildCommonClasses (48ms)
	RebuildNativeTypeToScriptingClass (23ms)
	initialDomainReloadingComplete (69ms)
	LoadAllAssembliesAndSetupDomain (583ms)
		LoadAssemblies (386ms)
		AnalyzeDomain (267ms)
			TypeCache.Refresh (14ms)
			BuildScriptInfoCaches (238ms)
			ResolveRequiredComponents (13ms)
	FinalizeReload (894ms)
		SetupLoadedEditorAssemblies (0ms)
			InitializePlatformSupportModulesInManaged (3ms)
			BeforeProcessingInitializeOnLoad (173ms)
			ProcessInitializeOnLoadAttributes (341ms)
			ProcessInitializeOnLoadMethodAttributes (107ms)
			AfterProcessingInitializeOnLoad (8ms)
		AwakeInstancesAfterBackupRestoration (18ms)
Unloading 24 Unused Serialized files (Serialized files now loaded: 0)
Unloading 7018 unused Assets / (5.7 MB). Loaded Objects now: 7871.
Memory consumption went from 175.6 MB to 170.0 MB.
Total: 12.832700 ms (FindLiveObjects: 1.130400 ms CreateObjectMapping: 0.427900 ms MarkObjects: 8.170200 ms  DeleteObjects: 3.102600 ms)

Prepare: number of updated asset objects reloaded= 0
========================================================================
Received Import Request.
  Time since last request: 124.263995 seconds.
  path: Assets/Editor/ProceduralBuilderEditor.cs
  importAddress: Guid(1a205180c9f056d4383d60637b6a34d0) Importer(815301076,1909f56bfc062723c751e8b465ee728b)
Start importing Assets/Editor/ProceduralBuilderEditor.cs using Guid(1a205180c9f056d4383d60637b6a34d0) Importer(815301076,1909f56bfc062723c751e8b465ee728b) (PreviewImporter) -> (Import Result ID: 'cc2f7b22aceb47a30c968fda50a208aa') in 0.0021004 seconds [static and dynamic dependencies]. Details - ImportResultOutputID=e6552436ddde86e358000d1cf68c147b DependenciesID=a2510d771cb4c0d612aa72465919e257 StaticDependenciesID=b7036c0656a963d0de5511a31b29e611 
Number of updated asset objects reloaded before import = 0Number of asset objects unloaded after import = 0

========================================================================
Received Import Request.
  Time since last request: 103.423569 seconds.
  path: Assets/Prefabs/Building/Quad.prefab
  importAddress: Guid(e216009a7d893e64cb5fe28bc5ada259) Importer(815301076,1909f56bfc062723c751e8b465ee728b)
Start importing Assets/Prefabs/Building/Quad.prefab using Guid(e216009a7d893e64cb5fe28bc5ada259) Importer(815301076,1909f56bfc062723c751e8b465ee728b) (PreviewImporter) -> (Import Result ID: '54ee98a5300608ab11a881af0be48dcf') in 0.5374295 seconds [static and dynamic dependencies]. Details - ImportResultOutputID=2e24309704b37d60789801078961bfb9 DependenciesID=5a149d1eab30b25a3c61108697c3f25c StaticDependenciesID=75af52c20118415276ce357f256a4681 
Number of updated asset objects reloaded before import = 0Number of asset objects unloaded after import = 7

========================================================================
Received Import Request.
  Time since last request: 6.616709 seconds.
  path: Assets/Prefabs/Building/Sol.prefab
  importAddress: Guid(e216009a7d893e64cb5fe28bc5ada259) Importer(815301076,1909f56bfc062723c751e8b465ee728b)
Start importing Assets/Prefabs/Building/Sol.prefab using Guid(e216009a7d893e64cb5fe28bc5ada259) Importer(815301076,1909f56bfc062723c751e8b465ee728b) (PreviewImporter) -> (Import Result ID: '0e726967c4f9cfdeb8c4e064a92f9a1f') in 0.0129334 seconds [static and dynamic dependencies]. Details - ImportResultOutputID=2e24309704b37d60789801078961bfb9 DependenciesID=0035af176773a25aca9632fc4b62596f StaticDependenciesID=758ba746e47a9ec83acc4681606930e2 
Number of updated asset objects reloaded before import = 0Number of asset objects unloaded after import = 7

========================================================================
Received Import Request.
  Time since last request: 4.485991 seconds.
  path: Assets/Prefabs/Building/Floor.prefab
  importAddress: Guid(e216009a7d893e64cb5fe28bc5ada259) Importer(815301076,1909f56bfc062723c751e8b465ee728b)
Start importing Assets/Prefabs/Building/Floor.prefab using Guid(e216009a7d893e64cb5fe28bc5ada259) Importer(815301076,1909f56bfc062723c751e8b465ee728b) (PreviewImporter) -> (Import Result ID: '000387e5777f87a6f3330990248ba146') in 0.0093709 seconds [static and dynamic dependencies]. Details - ImportResultOutputID=2e24309704b37d60789801078961bfb9 DependenciesID=66d9a5b216e52ffa20c1d2f32c8ee272 StaticDependenciesID=fd0150cb9928c2f9a92409fe02ef0cf4 
Number of updated asset objects reloaded before import = 0Number of asset objects unloaded after import = 7

========================================================================
Received Import Request.
  Time since last request: 45.282691 seconds.
  path: Assets/Prefabs/Building/Wall.prefab
  importAddress: Guid(dc60d9d9720439146a5205073bc8d305) Importer(815301076,1909f56bfc062723c751e8b465ee728b)
Start importing Assets/Prefabs/Building/Wall.prefab using Guid(dc60d9d9720439146a5205073bc8d305) Importer(815301076,1909f56bfc062723c751e8b465ee728b) (PreviewImporter) -> (Import Result ID: '1cfa2327c89537ff0d0fc7c13407a44c') in 0.0197879 seconds [static and dynamic dependencies]. Details - ImportResultOutputID=099a6930e2136a75cedc4ad723223fbf DependenciesID=a2522a3e354a4028739e18ac97addb49 StaticDependenciesID=90fb1bb7d249b30b6151323c8c80218b 
Number of updated asset objects reloaded before import = 0Number of asset objects unloaded after import = 7

========================================================================
Received Prepare
Begin MonoManager ReloadAssembly
[Licensing::Client] Successfully resolved entitlement details
[Licensing::Module] License group:
  Id: F4-GDRJ-JSAW-Z6KE-UYZU-XXXX
  Product: Unity Personal
  Type: ULF
  Expiration: Unlimited
[Licensing::Module] License group:
  Id: 20066153379321-UnityPersXXXX
  Product: Unity Personal
  Type: Assigned
  Expiration: Unlimited
Assembly Assembly-CSharp-Editor-firstpass.dll at Library/ScriptAssemblies/Assembly-CSharp-Editor-firstpass.dll not valid. Loading of assembly skipped.
Assembly Assembly-CSharp-firstpass.dll at Library/ScriptAssemblies/Assembly-CSharp-firstpass.dll not valid. Loading of assembly skipped.
Assembly DocCodeExamples.dll at Library/ScriptAssemblies/DocCodeExamples.dll not valid. Loading of assembly skipped.
Assembly TestNewCustomAssembly.dll at Library/ScriptAssemblies/TestNewCustomAssembly.dll not valid. Loading of assembly skipped.
Assembly Unity.Collections.BurstCompatibilityGen.dll at Library/ScriptAssemblies/Unity.Collections.BurstCompatibilityGen.dll not valid. Loading of assembly skipped.
Assembly Unity.Collections.DocCodeSamples.dll at Library/ScriptAssemblies/Unity.Collections.DocCodeSamples.dll not valid. Loading of assembly skipped.
Assembly Unity.Collections.PerformanceTests.dll at Library/ScriptAssemblies/Unity.Collections.PerformanceTests.dll not valid. Loading of assembly skipped.
Assembly Unity.Collections.Tests.dll at Library/ScriptAssemblies/Unity.Collections.Tests.dll not valid. Loading of assembly skipped.
Assembly Unity.Collections.Tests.Playmode.dll at Library/ScriptAssemblies/Unity.Collections.Tests.Playmode.dll not valid. Loading of assembly skipped.
Assembly Unity.InputSystem.IntegrationTests.dll at Library/ScriptAssemblies/Unity.InputSystem.IntegrationTests.dll not valid. Loading of assembly skipped.
Assembly Unity.Mathematics.Tests.dll at Library/ScriptAssemblies/Unity.Mathematics.Tests.dll not valid. Loading of assembly skipped.
Assembly Unity.Multiplayer.Center.Editor.Tests.dll at Library/ScriptAssemblies/Unity.Multiplayer.Center.Editor.Tests.dll not valid. Loading of assembly skipped.
Assembly Unity.Multiplayer.Center.Tests.dll at Library/ScriptAssemblies/Unity.Multiplayer.Center.Tests.dll not valid. Loading of assembly skipped.
Assembly Unity.Nuget.Mono-Cecil.dll at Library/ScriptAssemblies/Unity.Nuget.Mono-Cecil.dll not valid. Loading of assembly skipped.
Assembly Unity.PathTracing.Editor.Tests.dll at Library/ScriptAssemblies/Unity.PathTracing.Editor.Tests.dll not valid. Loading of assembly skipped.
Assembly Unity.PathTracing.Runtime.Tests.dll at Library/ScriptAssemblies/Unity.PathTracing.Runtime.Tests.dll not valid. Loading of assembly skipped.
Assembly Unity.RenderPipelines.Core.Editor.Tests.dll at Library/ScriptAssemblies/Unity.RenderPipelines.Core.Editor.Tests.dll not valid. Loading of assembly skipped.
Assembly Unity.RenderPipelines.Core.Runtime.Tests.dll at Library/ScriptAssemblies/Unity.RenderPipelines.Core.Runtime.Tests.dll not valid. Loading of assembly skipped.
Assembly Unity.RenderPipelines.Universal.Config.Editor.Tests.dll at Library/ScriptAssemblies/Unity.RenderPipelines.Universal.Config.Editor.Tests.dll not valid. Loading of assembly skipped.
Assembly Unity.RenderPipelines.Universal.Editor.Tests.dll at Library/ScriptAssemblies/Unity.RenderPipelines.Universal.Editor.Tests.dll not valid. Loading of assembly skipped.
Assembly Unity.RenderPipelines.Universal.Runtime.Tests.dll at Library/ScriptAssemblies/Unity.RenderPipelines.Universal.Runtime.Tests.dll not valid. Loading of assembly skipped.
Assembly Unity.Searcher.EditorTests.dll at Library/ScriptAssemblies/Unity.Searcher.EditorTests.dll not valid. Loading of assembly skipped.
Assembly Unity.ShaderGraph.Editor.Tests.dll at Library/ScriptAssemblies/Unity.ShaderGraph.Editor.Tests.dll not valid. Loading of assembly skipped.
Assembly Unity.TextMeshPro.Editor.Tests.dll at Library/ScriptAssemblies/Unity.TextMeshPro.Editor.Tests.dll not valid. Loading of assembly skipped.
Assembly Unity.TextMeshPro.Tests.dll at Library/ScriptAssemblies/Unity.TextMeshPro.Tests.dll not valid. Loading of assembly skipped.
Assembly Unity.UnifiedRayTracing.Editor.Tests.dll at Library/ScriptAssemblies/Unity.UnifiedRayTracing.Editor.Tests.dll not valid. Loading of assembly skipped.
Assembly UnityEditor.UI.Common.Tests.dll at Library/ScriptAssemblies/UnityEditor.UI.Common.Tests.dll not valid. Loading of assembly skipped.
Assembly UnityEditor.UI.EditorTests.dll at Library/ScriptAssemblies/UnityEditor.UI.EditorTests.dll not valid. Loading of assembly skipped.
Assembly UnityEngine.UI.Tests.dll at Library/ScriptAssemblies/UnityEngine.UI.Tests.dll not valid. Loading of assembly skipped.
Symbol file LoadedFromMemory is not a mono symbol file
Native extension for WindowsStandalone target not found
Native extension for WebGL target not found
[Package Manager] Failed to launch server process. Reason: Unity was launched with the -noUpm command-line argument
[Package Manager] Unable to send message (not connected to server process).
[Package Manager] Cannot connect to Unity Package Manager local server
[Package Manager] Failed to launch server process. Reason: Unity was launched with the -noUpm command-line argument
[Package Manager] Unable to send message (not connected to server process).
[Package Manager] Cannot connect to Unity Package Manager local server
ScheduleIndexationOnStartup MainProcess:False IndexOnStartup:True
Mono: successfully reloaded assembly
- Finished resetting the current domain, in  0.813 seconds
Domain Reload Profiling: 1689ms
	BeginReloadAssembly (227ms)
		DisableScriptedObjects (31ms)
		CreateAndSetChildDomain (59ms)
	RebuildCommonClasses (53ms)
	RebuildNativeTypeToScriptingClass (20ms)
	initialDomainReloadingComplete (58ms)
	LoadAllAssembliesAndSetupDomain (518ms)
		LoadAssemblies (344ms)
		AnalyzeDomain (242ms)
			TypeCache.Refresh (8ms)
			BuildScriptInfoCaches (217ms)
			ResolveRequiredComponents (14ms)
	FinalizeReload (814ms)
		SetupLoadedEditorAssemblies (0ms)
			InitializePlatformSupportModulesInManaged (3ms)
			BeforeProcessingInitializeOnLoad (179ms)
			ProcessInitializeOnLoadAttributes (313ms)
			ProcessInitializeOnLoadMethodAttributes (113ms)
			AfterProcessingInitializeOnLoad (9ms)
		AwakeInstancesAfterBackupRestoration (16ms)
Unloading 24 Unused Serialized files (Serialized files now loaded: 0)
Unloading 7019 unused Assets / (5.7 MB). Loaded Objects now: 7905.
Memory consumption went from 177.7 MB to 172.0 MB.
Total: 9.912300 ms (FindLiveObjects: 1.132200 ms CreateObjectMapping: 0.419800 ms MarkObjects: 5.235200 ms  DeleteObjects: 3.123700 ms)

Prepare: number of updated asset objects reloaded= 0
========================================================================
Received Prepare
Begin MonoManager ReloadAssembly
Assembly Assembly-CSharp-Editor-firstpass.dll at Library/ScriptAssemblies/Assembly-CSharp-Editor-firstpass.dll not valid. Loading of assembly skipped.
Assembly Assembly-CSharp-firstpass.dll at Library/ScriptAssemblies/Assembly-CSharp-firstpass.dll not valid. Loading of assembly skipped.
Assembly DocCodeExamples.dll at Library/ScriptAssemblies/DocCodeExamples.dll not valid. Loading of assembly skipped.
Assembly TestNewCustomAssembly.dll at Library/ScriptAssemblies/TestNewCustomAssembly.dll not valid. Loading of assembly skipped.
Assembly Unity.Collections.BurstCompatibilityGen.dll at Library/ScriptAssemblies/Unity.Collections.BurstCompatibilityGen.dll not valid. Loading of assembly skipped.
Assembly Unity.Collections.DocCodeSamples.dll at Library/ScriptAssemblies/Unity.Collections.DocCodeSamples.dll not valid. Loading of assembly skipped.
Assembly Unity.Collections.PerformanceTests.dll at Library/ScriptAssemblies/Unity.Collections.PerformanceTests.dll not valid. Loading of assembly skipped.
Assembly Unity.Collections.Tests.dll at Library/ScriptAssemblies/Unity.Collections.Tests.dll not valid. Loading of assembly skipped.
Assembly Unity.Collections.Tests.Playmode.dll at Library/ScriptAssemblies/Unity.Collections.Tests.Playmode.dll not valid. Loading of assembly skipped.
Assembly Unity.InputSystem.IntegrationTests.dll at Library/ScriptAssemblies/Unity.InputSystem.IntegrationTests.dll not valid. Loading of assembly skipped.
Assembly Unity.Mathematics.Tests.dll at Library/ScriptAssemblies/Unity.Mathematics.Tests.dll not valid. Loading of assembly skipped.
Assembly Unity.Multiplayer.Center.Editor.Tests.dll at Library/ScriptAssemblies/Unity.Multiplayer.Center.Editor.Tests.dll not valid. Loading of assembly skipped.
Assembly Unity.Multiplayer.Center.Tests.dll at Library/ScriptAssemblies/Unity.Multiplayer.Center.Tests.dll not valid. Loading of assembly skipped.
Assembly Unity.Nuget.Mono-Cecil.dll at Library/ScriptAssemblies/Unity.Nuget.Mono-Cecil.dll not valid. Loading of assembly skipped.
Assembly Unity.PathTracing.Editor.Tests.dll at Library/ScriptAssemblies/Unity.PathTracing.Editor.Tests.dll not valid. Loading of assembly skipped.
Assembly Unity.PathTracing.Runtime.Tests.dll at Library/ScriptAssemblies/Unity.PathTracing.Runtime.Tests.dll not valid. Loading of assembly skipped.
Assembly Unity.RenderPipelines.Core.Editor.Tests.dll at Library/ScriptAssemblies/Unity.RenderPipelines.Core.Editor.Tests.dll not valid. Loading of assembly skipped.
Assembly Unity.RenderPipelines.Core.Runtime.Tests.dll at Library/ScriptAssemblies/Unity.RenderPipelines.Core.Runtime.Tests.dll not valid. Loading of assembly skipped.
Assembly Unity.RenderPipelines.Universal.Config.Editor.Tests.dll at Library/ScriptAssemblies/Unity.RenderPipelines.Universal.Config.Editor.Tests.dll not valid. Loading of assembly skipped.
Assembly Unity.RenderPipelines.Universal.Editor.Tests.dll at Library/ScriptAssemblies/Unity.RenderPipelines.Universal.Editor.Tests.dll not valid. Loading of assembly skipped.
Assembly Unity.RenderPipelines.Universal.Runtime.Tests.dll at Library/ScriptAssemblies/Unity.RenderPipelines.Universal.Runtime.Tests.dll not valid. Loading of assembly skipped.
Assembly Unity.Searcher.EditorTests.dll at Library/ScriptAssemblies/Unity.Searcher.EditorTests.dll not valid. Loading of assembly skipped.
Assembly Unity.ShaderGraph.Editor.Tests.dll at Library/ScriptAssemblies/Unity.ShaderGraph.Editor.Tests.dll not valid. Loading of assembly skipped.
Assembly Unity.TextMeshPro.Editor.Tests.dll at Library/ScriptAssemblies/Unity.TextMeshPro.Editor.Tests.dll not valid. Loading of assembly skipped.
Assembly Unity.TextMeshPro.Tests.dll at Library/ScriptAssemblies/Unity.TextMeshPro.Tests.dll not valid. Loading of assembly skipped.
Assembly Unity.UnifiedRayTracing.Editor.Tests.dll at Library/ScriptAssemblies/Unity.UnifiedRayTracing.Editor.Tests.dll not valid. Loading of assembly skipped.
Assembly UnityEditor.UI.Common.Tests.dll at Library/ScriptAssemblies/UnityEditor.UI.Common.Tests.dll not valid. Loading of assembly skipped.
Assembly UnityEditor.UI.EditorTests.dll at Library/ScriptAssemblies/UnityEditor.UI.EditorTests.dll not valid. Loading of assembly skipped.
Assembly UnityEngine.UI.Tests.dll at Library/ScriptAssemblies/UnityEngine.UI.Tests.dll not valid. Loading of assembly skipped.
Symbol file LoadedFromMemory is not a mono symbol file
Native extension for WindowsStandalone target not found
Native extension for WebGL target not found
[Package Manager] Failed to launch server process. Reason: Unity was launched with the -noUpm command-line argument
[Package Manager] Unable to send message (not connected to server process).
[Package Manager] Cannot connect to Unity Package Manager local server
[Package Manager] Failed to launch server process. Reason: Unity was launched with the -noUpm command-line argument
[Package Manager] Unable to send message (not connected to server process).
[Package Manager] Cannot connect to Unity Package Manager local server
ScheduleIndexationOnStartup MainProcess:False IndexOnStartup:True
Mono: successfully reloaded assembly
- Finished resetting the current domain, in  0.865 seconds
Domain Reload Profiling: 1742ms
	BeginReloadAssembly (201ms)
		DisableScriptedObjects (6ms)
		CreateAndSetChildDomain (55ms)
	RebuildCommonClasses (43ms)
	RebuildNativeTypeToScriptingClass (16ms)
	initialDomainReloadingComplete (68ms)
	LoadAllAssembliesAndSetupDomain (550ms)
		LoadAssemblies (367ms)
		AnalyzeDomain (258ms)
			TypeCache.Refresh (11ms)
			BuildScriptInfoCaches (233ms)
			ResolveRequiredComponents (12ms)
	FinalizeReload (865ms)
		SetupLoadedEditorAssemblies (0ms)
			InitializePlatformSupportModulesInManaged (3ms)
			BeforeProcessingInitializeOnLoad (178ms)
			ProcessInitializeOnLoadAttributes (367ms)
			ProcessInitializeOnLoadMethodAttributes (103ms)
			AfterProcessingInitializeOnLoad (6ms)
		AwakeInstancesAfterBackupRestoration (16ms)
Unloading 24 Unused Serialized files (Serialized files now loaded: 0)
Unloading 7018 unused Assets / (5.5 MB). Loaded Objects now: 7908.
Memory consumption went from 181.2 MB to 175.8 MB.
Total: 10.340000 ms (FindLiveObjects: 1.180600 ms CreateObjectMapping: 0.427400 ms MarkObjects: 5.664900 ms  DeleteObjects: 3.066300 ms)

Prepare: number of updated asset objects reloaded= 0
========================================================================
Received Prepare
Begin MonoManager ReloadAssembly
[Licensing::Client] Successfully resolved entitlement details
[Licensing::Module] License group:
  Id: F4-GDRJ-JSAW-Z6KE-UYZU-XXXX
  Product: Unity Personal
  Type: ULF
  Expiration: Unlimited
[Licensing::Module] License group:
  Id: 20066153379321-UnityPersXXXX
  Product: Unity Personal
  Type: Assigned
  Expiration: Unlimited
Assembly Assembly-CSharp-Editor-firstpass.dll at Library/ScriptAssemblies/Assembly-CSharp-Editor-firstpass.dll not valid. Loading of assembly skipped.
Assembly Assembly-CSharp-firstpass.dll at Library/ScriptAssemblies/Assembly-CSharp-firstpass.dll not valid. Loading of assembly skipped.
Assembly DocCodeExamples.dll at Library/ScriptAssemblies/DocCodeExamples.dll not valid. Loading of assembly skipped.
Assembly TestNewCustomAssembly.dll at Library/ScriptAssemblies/TestNewCustomAssembly.dll not valid. Loading of assembly skipped.
Assembly Unity.Collections.BurstCompatibilityGen.dll at Library/ScriptAssemblies/Unity.Collections.BurstCompatibilityGen.dll not valid. Loading of assembly skipped.
Assembly Unity.Collections.DocCodeSamples.dll at Library/ScriptAssemblies/Unity.Collections.DocCodeSamples.dll not valid. Loading of assembly skipped.
Assembly Unity.Collections.PerformanceTests.dll at Library/ScriptAssemblies/Unity.Collections.PerformanceTests.dll not valid. Loading of assembly skipped.
Assembly Unity.Collections.Tests.dll at Library/ScriptAssemblies/Unity.Collections.Tests.dll not valid. Loading of assembly skipped.
Assembly Unity.Collections.Tests.Playmode.dll at Library/ScriptAssemblies/Unity.Collections.Tests.Playmode.dll not valid. Loading of assembly skipped.
Assembly Unity.InputSystem.IntegrationTests.dll at Library/ScriptAssemblies/Unity.InputSystem.IntegrationTests.dll not valid. Loading of assembly skipped.
Assembly Unity.Mathematics.Tests.dll at Library/ScriptAssemblies/Unity.Mathematics.Tests.dll not valid. Loading of assembly skipped.
Assembly Unity.Multiplayer.Center.Editor.Tests.dll at Library/ScriptAssemblies/Unity.Multiplayer.Center.Editor.Tests.dll not valid. Loading of assembly skipped.
Assembly Unity.Multiplayer.Center.Tests.dll at Library/ScriptAssemblies/Unity.Multiplayer.Center.Tests.dll not valid. Loading of assembly skipped.
Assembly Unity.Nuget.Mono-Cecil.dll at Library/ScriptAssemblies/Unity.Nuget.Mono-Cecil.dll not valid. Loading of assembly skipped.
Assembly Unity.PathTracing.Editor.Tests.dll at Library/ScriptAssemblies/Unity.PathTracing.Editor.Tests.dll not valid. Loading of assembly skipped.
Assembly Unity.PathTracing.Runtime.Tests.dll at Library/ScriptAssemblies/Unity.PathTracing.Runtime.Tests.dll not valid. Loading of assembly skipped.
Assembly Unity.RenderPipelines.Core.Editor.Tests.dll at Library/ScriptAssemblies/Unity.RenderPipelines.Core.Editor.Tests.dll not valid. Loading of assembly skipped.
Assembly Unity.RenderPipelines.Core.Runtime.Tests.dll at Library/ScriptAssemblies/Unity.RenderPipelines.Core.Runtime.Tests.dll not valid. Loading of assembly skipped.
Assembly Unity.RenderPipelines.Universal.Config.Editor.Tests.dll at Library/ScriptAssemblies/Unity.RenderPipelines.Universal.Config.Editor.Tests.dll not valid. Loading of assembly skipped.
Assembly Unity.RenderPipelines.Universal.Editor.Tests.dll at Library/ScriptAssemblies/Unity.RenderPipelines.Universal.Editor.Tests.dll not valid. Loading of assembly skipped.
Assembly Unity.RenderPipelines.Universal.Runtime.Tests.dll at Library/ScriptAssemblies/Unity.RenderPipelines.Universal.Runtime.Tests.dll not valid. Loading of assembly skipped.
Assembly Unity.Searcher.EditorTests.dll at Library/ScriptAssemblies/Unity.Searcher.EditorTests.dll not valid. Loading of assembly skipped.
Assembly Unity.ShaderGraph.Editor.Tests.dll at Library/ScriptAssemblies/Unity.ShaderGraph.Editor.Tests.dll not valid. Loading of assembly skipped.
Assembly Unity.TextMeshPro.Editor.Tests.dll at Library/ScriptAssemblies/Unity.TextMeshPro.Editor.Tests.dll not valid. Loading of assembly skipped.
Assembly Unity.TextMeshPro.Tests.dll at Library/ScriptAssemblies/Unity.TextMeshPro.Tests.dll not valid. Loading of assembly skipped.
Assembly Unity.UnifiedRayTracing.Editor.Tests.dll at Library/ScriptAssemblies/Unity.UnifiedRayTracing.Editor.Tests.dll not valid. Loading of assembly skipped.
Assembly UnityEditor.UI.Common.Tests.dll at Library/ScriptAssemblies/UnityEditor.UI.Common.Tests.dll not valid. Loading of assembly skipped.
Assembly UnityEditor.UI.EditorTests.dll at Library/ScriptAssemblies/UnityEditor.UI.EditorTests.dll not valid. Loading of assembly skipped.
Assembly UnityEngine.UI.Tests.dll at Library/ScriptAssemblies/UnityEngine.UI.Tests.dll not valid. Loading of assembly skipped.
Symbol file LoadedFromMemory is not a mono symbol file
Native extension for WindowsStandalone target not found
Native extension for WebGL target not found
[Package Manager] Failed to launch server process. Reason: Unity was launched with the -noUpm command-line argument
[Package Manager] Unable to send message (not connected to server process).
[Package Manager] Cannot connect to Unity Package Manager local server
[Package Manager] Failed to launch server process. Reason: Unity was launched with the -noUpm command-line argument
[Package Manager] Unable to send message (not connected to server process).
[Package Manager] Cannot connect to Unity Package Manager local server
ScheduleIndexationOnStartup MainProcess:False IndexOnStartup:True
Mono: successfully reloaded assembly
- Finished resetting the current domain, in  0.871 seconds
Domain Reload Profiling: 1821ms
	BeginReloadAssembly (221ms)
		DisableScriptedObjects (10ms)
		CreateAndSetChildDomain (50ms)
	RebuildCommonClasses (49ms)
	RebuildNativeTypeToScriptingClass (18ms)
	initialDomainReloadingComplete (66ms)
	LoadAllAssembliesAndSetupDomain (594ms)
		LoadAssemblies (403ms)
		AnalyzeDomain (271ms)
			TypeCache.Refresh (13ms)
			BuildScriptInfoCaches (245ms)
			ResolveRequiredComponents (12ms)
	FinalizeReload (872ms)
		SetupLoadedEditorAssemblies (0ms)
			InitializePlatformSupportModulesInManaged (5ms)
			BeforeProcessingInitializeOnLoad (179ms)
			ProcessInitializeOnLoadAttributes (338ms)
			ProcessInitializeOnLoadMethodAttributes (104ms)
			AfterProcessingInitializeOnLoad (8ms)
		AwakeInstancesAfterBackupRestoration (23ms)
Unloading 24 Unused Serialized files (Serialized files now loaded: 0)
Unloading 7018 unused Assets / (5.6 MB). Loaded Objects now: 7911.
Memory consumption went from 185.0 MB to 179.4 MB.
Total: 10.812200 ms (FindLiveObjects: 1.291000 ms CreateObjectMapping: 1.057400 ms MarkObjects: 5.396400 ms  DeleteObjects: 3.066600 ms)

Prepare: number of updated asset objects reloaded= 0
========================================================================
Received Prepare
Begin MonoManager ReloadAssembly
Assembly Assembly-CSharp-Editor-firstpass.dll at Library/ScriptAssemblies/Assembly-CSharp-Editor-firstpass.dll not valid. Loading of assembly skipped.
Assembly Assembly-CSharp-firstpass.dll at Library/ScriptAssemblies/Assembly-CSharp-firstpass.dll not valid. Loading of assembly skipped.
Assembly DocCodeExamples.dll at Library/ScriptAssemblies/DocCodeExamples.dll not valid. Loading of assembly skipped.
Assembly TestNewCustomAssembly.dll at Library/ScriptAssemblies/TestNewCustomAssembly.dll not valid. Loading of assembly skipped.
Assembly Unity.Collections.BurstCompatibilityGen.dll at Library/ScriptAssemblies/Unity.Collections.BurstCompatibilityGen.dll not valid. Loading of assembly skipped.
Assembly Unity.Collections.DocCodeSamples.dll at Library/ScriptAssemblies/Unity.Collections.DocCodeSamples.dll not valid. Loading of assembly skipped.
Assembly Unity.Collections.PerformanceTests.dll at Library/ScriptAssemblies/Unity.Collections.PerformanceTests.dll not valid. Loading of assembly skipped.
Assembly Unity.Collections.Tests.dll at Library/ScriptAssemblies/Unity.Collections.Tests.dll not valid. Loading of assembly skipped.
Assembly Unity.Collections.Tests.Playmode.dll at Library/ScriptAssemblies/Unity.Collections.Tests.Playmode.dll not valid. Loading of assembly skipped.
Assembly Unity.InputSystem.IntegrationTests.dll at Library/ScriptAssemblies/Unity.InputSystem.IntegrationTests.dll not valid. Loading of assembly skipped.
Assembly Unity.Mathematics.Tests.dll at Library/ScriptAssemblies/Unity.Mathematics.Tests.dll not valid. Loading of assembly skipped.
Assembly Unity.Multiplayer.Center.Editor.Tests.dll at Library/ScriptAssemblies/Unity.Multiplayer.Center.Editor.Tests.dll not valid. Loading of assembly skipped.
Assembly Unity.Multiplayer.Center.Tests.dll at Library/ScriptAssemblies/Unity.Multiplayer.Center.Tests.dll not valid. Loading of assembly skipped.
Assembly Unity.Nuget.Mono-Cecil.dll at Library/ScriptAssemblies/Unity.Nuget.Mono-Cecil.dll not valid. Loading of assembly skipped.
Assembly Unity.PathTracing.Editor.Tests.dll at Library/ScriptAssemblies/Unity.PathTracing.Editor.Tests.dll not valid. Loading of assembly skipped.
Assembly Unity.PathTracing.Runtime.Tests.dll at Library/ScriptAssemblies/Unity.PathTracing.Runtime.Tests.dll not valid. Loading of assembly skipped.
Assembly Unity.RenderPipelines.Core.Editor.Tests.dll at Library/ScriptAssemblies/Unity.RenderPipelines.Core.Editor.Tests.dll not valid. Loading of assembly skipped.
Assembly Unity.RenderPipelines.Core.Runtime.Tests.dll at Library/ScriptAssemblies/Unity.RenderPipelines.Core.Runtime.Tests.dll not valid. Loading of assembly skipped.
Assembly Unity.RenderPipelines.Universal.Config.Editor.Tests.dll at Library/ScriptAssemblies/Unity.RenderPipelines.Universal.Config.Editor.Tests.dll not valid. Loading of assembly skipped.
Assembly Unity.RenderPipelines.Universal.Editor.Tests.dll at Library/ScriptAssemblies/Unity.RenderPipelines.Universal.Editor.Tests.dll not valid. Loading of assembly skipped.
Assembly Unity.RenderPipelines.Universal.Runtime.Tests.dll at Library/ScriptAssemblies/Unity.RenderPipelines.Universal.Runtime.Tests.dll not valid. Loading of assembly skipped.
Assembly Unity.Searcher.EditorTests.dll at Library/ScriptAssemblies/Unity.Searcher.EditorTests.dll not valid. Loading of assembly skipped.
Assembly Unity.ShaderGraph.Editor.Tests.dll at Library/ScriptAssemblies/Unity.ShaderGraph.Editor.Tests.dll not valid. Loading of assembly skipped.
Assembly Unity.TextMeshPro.Editor.Tests.dll at Library/ScriptAssemblies/Unity.TextMeshPro.Editor.Tests.dll not valid. Loading of assembly skipped.
Assembly Unity.TextMeshPro.Tests.dll at Library/ScriptAssemblies/Unity.TextMeshPro.Tests.dll not valid. Loading of assembly skipped.
Assembly Unity.UnifiedRayTracing.Editor.Tests.dll at Library/ScriptAssemblies/Unity.UnifiedRayTracing.Editor.Tests.dll not valid. Loading of assembly skipped.
Assembly UnityEditor.UI.Common.Tests.dll at Library/ScriptAssemblies/UnityEditor.UI.Common.Tests.dll not valid. Loading of assembly skipped.
Assembly UnityEditor.UI.EditorTests.dll at Library/ScriptAssemblies/UnityEditor.UI.EditorTests.dll not valid. Loading of assembly skipped.
Assembly UnityEngine.UI.Tests.dll at Library/ScriptAssemblies/UnityEngine.UI.Tests.dll not valid. Loading of assembly skipped.
Symbol file LoadedFromMemory is not a mono symbol file
Native extension for WindowsStandalone target not found
Native extension for WebGL target not found
[Package Manager] Failed to launch server process. Reason: Unity was launched with the -noUpm command-line argument
[Package Manager] Unable to send message (not connected to server process).
[Package Manager] Cannot connect to Unity Package Manager local server
[Package Manager] Failed to launch server process. Reason: Unity was launched with the -noUpm command-line argument
[Package Manager] Unable to send message (not connected to server process).
[Package Manager] Cannot connect to Unity Package Manager local server
ScheduleIndexationOnStartup MainProcess:False IndexOnStartup:True
Mono: successfully reloaded assembly
- Finished resetting the current domain, in  0.804 seconds
Domain Reload Profiling: 1649ms
	BeginReloadAssembly (194ms)
		DisableScriptedObjects (6ms)
		CreateAndSetChildDomain (49ms)
	RebuildCommonClasses (43ms)
	RebuildNativeTypeToScriptingClass (16ms)
	initialDomainReloadingComplete (65ms)
	LoadAllAssembliesAndSetupDomain (527ms)
		LoadAssemblies (357ms)
		AnalyzeDomain (240ms)
			TypeCache.Refresh (8ms)
			BuildScriptInfoCaches (213ms)
			ResolveRequiredComponents (17ms)
	FinalizeReload (804ms)
		SetupLoadedEditorAssemblies (0ms)
			BeforeProcessingInitializeOnLoad (158ms)
			ProcessInitializeOnLoadAttributes (316ms)
			ProcessInitializeOnLoadMethodAttributes (118ms)
			AfterProcessingInitializeOnLoad (6ms)
		AwakeInstancesAfterBackupRestoration (16ms)
Unloading 24 Unused Serialized files (Serialized files now loaded: 0)
Unloading 7018 unused Assets / (5.3 MB). Loaded Objects now: 7914.
Memory consumption went from 188.7 MB to 183.4 MB.
Total: 11.785600 ms (FindLiveObjects: 1.500200 ms CreateObjectMapping: 0.620900 ms MarkObjects: 5.932700 ms  DeleteObjects: 3.729800 ms)

Prepare: number of updated asset objects reloaded= 0
========================================================================
Received Import Request.
  Time since last request: 219.337182 seconds.
  path: Assets/Prefabs/Building/TestBuildAssets.asset
  importAddress: Guid(f2821ce34c5a8424ba6de925f36a5a3c) Importer(815301076,1909f56bfc062723c751e8b465ee728b)
Start importing Assets/Prefabs/Building/TestBuildAssets.asset using Guid(f2821ce34c5a8424ba6de925f36a5a3c) Importer(815301076,1909f56bfc062723c751e8b465ee728b) (PreviewImporter) -> (Import Result ID: 'f4661afb39a26da280b0d806715839a1') in 0.0340312 seconds [static and dynamic dependencies]. Details - ImportResultOutputID=006d06877106860c6423dee8c6cf8181 DependenciesID=abafd3a3aaa019acd7705742a33114f5 StaticDependenciesID=f1562d3792b4d6a7758a78ac88ac94f6 
Number of updated asset objects reloaded before import = 0Number of asset objects unloaded after import = 13

========================================================================
Received Prepare
Begin MonoManager ReloadAssembly
[Licensing::Client] Successfully resolved entitlement details
[Licensing::Module] License group:
  Id: F4-GDRJ-JSAW-Z6KE-UYZU-XXXX
  Product: Unity Personal
  Type: ULF
  Expiration: Unlimited
[Licensing::Module] License group:
  Id: 20066153379321-UnityPersXXXX
  Product: Unity Personal
  Type: Assigned
  Expiration: Unlimited
Assembly Assembly-CSharp-Editor-firstpass.dll at Library/ScriptAssemblies/Assembly-CSharp-Editor-firstpass.dll not valid. Loading of assembly skipped.
Assembly Assembly-CSharp-firstpass.dll at Library/ScriptAssemblies/Assembly-CSharp-firstpass.dll not valid. Loading of assembly skipped.
Assembly DocCodeExamples.dll at Library/ScriptAssemblies/DocCodeExamples.dll not valid. Loading of assembly skipped.
Assembly TestNewCustomAssembly.dll at Library/ScriptAssemblies/TestNewCustomAssembly.dll not valid. Loading of assembly skipped.
Assembly Unity.Collections.BurstCompatibilityGen.dll at Library/ScriptAssemblies/Unity.Collections.BurstCompatibilityGen.dll not valid. Loading of assembly skipped.
Assembly Unity.Collections.DocCodeSamples.dll at Library/ScriptAssemblies/Unity.Collections.DocCodeSamples.dll not valid. Loading of assembly skipped.
Assembly Unity.Collections.PerformanceTests.dll at Library/ScriptAssemblies/Unity.Collections.PerformanceTests.dll not valid. Loading of assembly skipped.
Assembly Unity.Collections.Tests.dll at Library/ScriptAssemblies/Unity.Collections.Tests.dll not valid. Loading of assembly skipped.
Assembly Unity.Collections.Tests.Playmode.dll at Library/ScriptAssemblies/Unity.Collections.Tests.Playmode.dll not valid. Loading of assembly skipped.
Assembly Unity.InputSystem.IntegrationTests.dll at Library/ScriptAssemblies/Unity.InputSystem.IntegrationTests.dll not valid. Loading of assembly skipped.
Assembly Unity.Mathematics.Tests.dll at Library/ScriptAssemblies/Unity.Mathematics.Tests.dll not valid. Loading of assembly skipped.
Assembly Unity.Multiplayer.Center.Editor.Tests.dll at Library/ScriptAssemblies/Unity.Multiplayer.Center.Editor.Tests.dll not valid. Loading of assembly skipped.
Assembly Unity.Multiplayer.Center.Tests.dll at Library/ScriptAssemblies/Unity.Multiplayer.Center.Tests.dll not valid. Loading of assembly skipped.
Assembly Unity.Nuget.Mono-Cecil.dll at Library/ScriptAssemblies/Unity.Nuget.Mono-Cecil.dll not valid. Loading of assembly skipped.
Assembly Unity.PathTracing.Editor.Tests.dll at Library/ScriptAssemblies/Unity.PathTracing.Editor.Tests.dll not valid. Loading of assembly skipped.
Assembly Unity.PathTracing.Runtime.Tests.dll at Library/ScriptAssemblies/Unity.PathTracing.Runtime.Tests.dll not valid. Loading of assembly skipped.
Assembly Unity.RenderPipelines.Core.Editor.Tests.dll at Library/ScriptAssemblies/Unity.RenderPipelines.Core.Editor.Tests.dll not valid. Loading of assembly skipped.
Assembly Unity.RenderPipelines.Core.Runtime.Tests.dll at Library/ScriptAssemblies/Unity.RenderPipelines.Core.Runtime.Tests.dll not valid. Loading of assembly skipped.
Assembly Unity.RenderPipelines.Universal.Config.Editor.Tests.dll at Library/ScriptAssemblies/Unity.RenderPipelines.Universal.Config.Editor.Tests.dll not valid. Loading of assembly skipped.
Assembly Unity.RenderPipelines.Universal.Editor.Tests.dll at Library/ScriptAssemblies/Unity.RenderPipelines.Universal.Editor.Tests.dll not valid. Loading of assembly skipped.
Assembly Unity.RenderPipelines.Universal.Runtime.Tests.dll at Library/ScriptAssemblies/Unity.RenderPipelines.Universal.Runtime.Tests.dll not valid. Loading of assembly skipped.
Assembly Unity.Searcher.EditorTests.dll at Library/ScriptAssemblies/Unity.Searcher.EditorTests.dll not valid. Loading of assembly skipped.
Assembly Unity.ShaderGraph.Editor.Tests.dll at Library/ScriptAssemblies/Unity.ShaderGraph.Editor.Tests.dll not valid. Loading of assembly skipped.
Assembly Unity.TextMeshPro.Editor.Tests.dll at Library/ScriptAssemblies/Unity.TextMeshPro.Editor.Tests.dll not valid. Loading of assembly skipped.
Assembly Unity.TextMeshPro.Tests.dll at Library/ScriptAssemblies/Unity.TextMeshPro.Tests.dll not valid. Loading of assembly skipped.
Assembly Unity.UnifiedRayTracing.Editor.Tests.dll at Library/ScriptAssemblies/Unity.UnifiedRayTracing.Editor.Tests.dll not valid. Loading of assembly skipped.
Assembly UnityEditor.UI.Common.Tests.dll at Library/ScriptAssemblies/UnityEditor.UI.Common.Tests.dll not valid. Loading of assembly skipped.
Assembly UnityEditor.UI.EditorTests.dll at Library/ScriptAssemblies/UnityEditor.UI.EditorTests.dll not valid. Loading of assembly skipped.
Assembly UnityEngine.UI.Tests.dll at Library/ScriptAssemblies/UnityEngine.UI.Tests.dll not valid. Loading of assembly skipped.
Symbol file LoadedFromMemory is not a mono symbol file
Native extension for WindowsStandalone target not found
Native extension for WebGL target not found
[Package Manager] Failed to launch server process. Reason: Unity was launched with the -noUpm command-line argument
[Package Manager] Unable to send message (not connected to server process).
[Package Manager] Cannot connect to Unity Package Manager local server
[Package Manager] Failed to launch server process. Reason: Unity was launched with the -noUpm command-line argument
[Package Manager] Unable to send message (not connected to server process).
[Package Manager] Cannot connect to Unity Package Manager local server
ScheduleIndexationOnStartup MainProcess:False IndexOnStartup:True
Mono: successfully reloaded assembly
- Finished resetting the current domain, in  0.774 seconds
Domain Reload Profiling: 1635ms
	BeginReloadAssembly (198ms)
		DisableScriptedObjects (6ms)
		CreateAndSetChildDomain (48ms)
	RebuildCommonClasses (45ms)
	RebuildNativeTypeToScriptingClass (17ms)
	initialDomainReloadingComplete (74ms)
	LoadAllAssembliesAndSetupDomain (526ms)
		LoadAssemblies (349ms)
		AnalyzeDomain (246ms)
			TypeCache.Refresh (8ms)
			BuildScriptInfoCaches (225ms)
			ResolveRequiredComponents (12ms)
	FinalizeReload (775ms)
		SetupLoadedEditorAssemblies (0ms)
			BeforeProcessingInitializeOnLoad (155ms)
			ProcessInitializeOnLoadAttributes (303ms)
			ProcessInitializeOnLoadMethodAttributes (95ms)
			AfterProcessingInitializeOnLoad (6ms)
		AwakeInstancesAfterBackupRestoration (19ms)
Unloading 24 Unused Serialized files (Serialized files now loaded: 0)
Unloading 7018 unused Assets / (5.9 MB). Loaded Objects now: 7917.
Memory consumption went from 177.8 MB to 171.9 MB.
Total: 10.673800 ms (FindLiveObjects: 1.157900 ms CreateObjectMapping: 0.495200 ms MarkObjects: 5.464800 ms  DeleteObjects: 3.554800 ms)

Prepare: number of updated asset objects reloaded= 0
========================================================================
Received Import Request.
  Time since last request: 214.329050 seconds.
  path: Assets/Prefabs/Building/TestBuildAssets 1.asset
  importAddress: Guid(d53d128bfb99477429240fb517a01a3b) Importer(815301076,1909f56bfc062723c751e8b465ee728b)
Start importing Assets/Prefabs/Building/TestBuildAssets 1.asset using Guid(d53d128bfb99477429240fb517a01a3b) Importer(815301076,1909f56bfc062723c751e8b465ee728b) (PreviewImporter) -> (Import Result ID: '0d82bc2be2113e5ba3c3bf090e85d385') in 0.0227946 seconds [static and dynamic dependencies]. Details - ImportResultOutputID=98f78dacc838eedf0481f9cd5b873cb7 DependenciesID=64e04511f0cff52d807ee94a3fcc8f75 StaticDependenciesID=ff22c6f3b42b17b5b5f2271e3abda407 
Number of updated asset objects reloaded before import = 0Number of asset objects unloaded after import = 13

========================================================================
Received Import Request.
  Time since last request: 8.713192 seconds.
  path: Assets/Prefabs/Building/Workshop.asset
  importAddress: Guid(d53d128bfb99477429240fb517a01a3b) Importer(815301076,1909f56bfc062723c751e8b465ee728b)
Start importing Assets/Prefabs/Building/Workshop.asset using Guid(d53d128bfb99477429240fb517a01a3b) Importer(815301076,1909f56bfc062723c751e8b465ee728b) (PreviewImporter) -> (Import Result ID: 'ede9fdbb6ead1401a096553880e4163b') in 0.0015331 seconds [static and dynamic dependencies]. Details - ImportResultOutputID=98f78dacc838eedf0481f9cd5b873cb7 DependenciesID=0253a090d57ab3b0b1890c4cad5492e3 StaticDependenciesID=4788662ee6dd94407b141bd6df9d9357 
Number of updated asset objects reloaded before import = 0Number of asset objects unloaded after import = 13

========================================================================
Received Prepare
Begin MonoManager ReloadAssembly
[Licensing::Client] Successfully resolved entitlement details
[Licensing::Module] License group:
  Id: F4-GDRJ-JSAW-Z6KE-UYZU-XXXX
  Product: Unity Personal
  Type: ULF
  Expiration: Unlimited
[Licensing::Module] License group:
  Id: 20066153379321-UnityPersXXXX
  Product: Unity Personal
  Type: Assigned
  Expiration: Unlimited
Assembly Assembly-CSharp-Editor-firstpass.dll at Library/ScriptAssemblies/Assembly-CSharp-Editor-firstpass.dll not valid. Loading of assembly skipped.
Assembly Assembly-CSharp-firstpass.dll at Library/ScriptAssemblies/Assembly-CSharp-firstpass.dll not valid. Loading of assembly skipped.
Assembly DocCodeExamples.dll at Library/ScriptAssemblies/DocCodeExamples.dll not valid. Loading of assembly skipped.
Assembly TestNewCustomAssembly.dll at Library/ScriptAssemblies/TestNewCustomAssembly.dll not valid. Loading of assembly skipped.
Assembly Unity.Collections.BurstCompatibilityGen.dll at Library/ScriptAssemblies/Unity.Collections.BurstCompatibilityGen.dll not valid. Loading of assembly skipped.
Assembly Unity.Collections.DocCodeSamples.dll at Library/ScriptAssemblies/Unity.Collections.DocCodeSamples.dll not valid. Loading of assembly skipped.
Assembly Unity.Collections.PerformanceTests.dll at Library/ScriptAssemblies/Unity.Collections.PerformanceTests.dll not valid. Loading of assembly skipped.
Assembly Unity.Collections.Tests.dll at Library/ScriptAssemblies/Unity.Collections.Tests.dll not valid. Loading of assembly skipped.
Assembly Unity.Collections.Tests.Playmode.dll at Library/ScriptAssemblies/Unity.Collections.Tests.Playmode.dll not valid. Loading of assembly skipped.
Assembly Unity.InputSystem.IntegrationTests.dll at Library/ScriptAssemblies/Unity.InputSystem.IntegrationTests.dll not valid. Loading of assembly skipped.
Assembly Unity.Mathematics.Tests.dll at Library/ScriptAssemblies/Unity.Mathematics.Tests.dll not valid. Loading of assembly skipped.
Assembly Unity.Multiplayer.Center.Editor.Tests.dll at Library/ScriptAssemblies/Unity.Multiplayer.Center.Editor.Tests.dll not valid. Loading of assembly skipped.
Assembly Unity.Multiplayer.Center.Tests.dll at Library/ScriptAssemblies/Unity.Multiplayer.Center.Tests.dll not valid. Loading of assembly skipped.
Assembly Unity.Nuget.Mono-Cecil.dll at Library/ScriptAssemblies/Unity.Nuget.Mono-Cecil.dll not valid. Loading of assembly skipped.
Assembly Unity.PathTracing.Editor.Tests.dll at Library/ScriptAssemblies/Unity.PathTracing.Editor.Tests.dll not valid. Loading of assembly skipped.
Assembly Unity.PathTracing.Runtime.Tests.dll at Library/ScriptAssemblies/Unity.PathTracing.Runtime.Tests.dll not valid. Loading of assembly skipped.
Assembly Unity.RenderPipelines.Core.Editor.Tests.dll at Library/ScriptAssemblies/Unity.RenderPipelines.Core.Editor.Tests.dll not valid. Loading of assembly skipped.
Assembly Unity.RenderPipelines.Core.Runtime.Tests.dll at Library/ScriptAssemblies/Unity.RenderPipelines.Core.Runtime.Tests.dll not valid. Loading of assembly skipped.
Assembly Unity.RenderPipelines.Universal.Config.Editor.Tests.dll at Library/ScriptAssemblies/Unity.RenderPipelines.Universal.Config.Editor.Tests.dll not valid. Loading of assembly skipped.
Assembly Unity.RenderPipelines.Universal.Editor.Tests.dll at Library/ScriptAssemblies/Unity.RenderPipelines.Universal.Editor.Tests.dll not valid. Loading of assembly skipped.
Assembly Unity.RenderPipelines.Universal.Runtime.Tests.dll at Library/ScriptAssemblies/Unity.RenderPipelines.Universal.Runtime.Tests.dll not valid. Loading of assembly skipped.
Assembly Unity.Searcher.EditorTests.dll at Library/ScriptAssemblies/Unity.Searcher.EditorTests.dll not valid. Loading of assembly skipped.
Assembly Unity.ShaderGraph.Editor.Tests.dll at Library/ScriptAssemblies/Unity.ShaderGraph.Editor.Tests.dll not valid. Loading of assembly skipped.
Assembly Unity.TextMeshPro.Editor.Tests.dll at Library/ScriptAssemblies/Unity.TextMeshPro.Editor.Tests.dll not valid. Loading of assembly skipped.
Assembly Unity.TextMeshPro.Tests.dll at Library/ScriptAssemblies/Unity.TextMeshPro.Tests.dll not valid. Loading of assembly skipped.
Assembly Unity.UnifiedRayTracing.Editor.Tests.dll at Library/ScriptAssemblies/Unity.UnifiedRayTracing.Editor.Tests.dll not valid. Loading of assembly skipped.
Assembly UnityEditor.UI.Common.Tests.dll at Library/ScriptAssemblies/UnityEditor.UI.Common.Tests.dll not valid. Loading of assembly skipped.
Assembly UnityEditor.UI.EditorTests.dll at Library/ScriptAssemblies/UnityEditor.UI.EditorTests.dll not valid. Loading of assembly skipped.
Assembly UnityEngine.UI.Tests.dll at Library/ScriptAssemblies/UnityEngine.UI.Tests.dll not valid. Loading of assembly skipped.
Symbol file LoadedFromMemory is not a mono symbol file
Native extension for WindowsStandalone target not found
Native extension for WebGL target not found
[Package Manager] Failed to launch server process. Reason: Unity was launched with the -noUpm command-line argument
[Package Manager] Unable to send message (not connected to server process).
[Package Manager] Cannot connect to Unity Package Manager local server
[Package Manager] Failed to launch server process. Reason: Unity was launched with the -noUpm command-line argument
[Package Manager] Unable to send message (not connected to server process).
[Package Manager] Cannot connect to Unity Package Manager local server
ScheduleIndexationOnStartup MainProcess:False IndexOnStartup:True
Mono: successfully reloaded assembly
- Finished resetting the current domain, in  0.774 seconds
Domain Reload Profiling: 1678ms
	BeginReloadAssembly (205ms)
		DisableScriptedObjects (6ms)
		CreateAndSetChildDomain (52ms)
	RebuildCommonClasses (48ms)
	RebuildNativeTypeToScriptingClass (19ms)
	initialDomainReloadingComplete (78ms)
	LoadAllAssembliesAndSetupDomain (554ms)
		LoadAssemblies (367ms)
		AnalyzeDomain (266ms)
			TypeCache.Refresh (9ms)
			BuildScriptInfoCaches (242ms)
			ResolveRequiredComponents (13ms)
	FinalizeReload (774ms)
		SetupLoadedEditorAssemblies (0ms)
			BeforeProcessingInitializeOnLoad (150ms)
			ProcessInitializeOnLoadAttributes (316ms)
			ProcessInitializeOnLoadMethodAttributes (102ms)
			AfterProcessingInitializeOnLoad (6ms)
		AwakeInstancesAfterBackupRestoration (16ms)
Unloading 24 Unused Serialized files (Serialized files now loaded: 0)
Unloading 7018 unused Assets / (5.3 MB). Loaded Objects now: 7920.
Memory consumption went from 177.9 MB to 172.6 MB.
Total: 10.277000 ms (FindLiveObjects: 1.166900 ms CreateObjectMapping: 0.455200 ms MarkObjects: 5.629100 ms  DeleteObjects: 3.023800 ms)

Prepare: number of updated asset objects reloaded= 0
========================================================================
Received Import Request.
  Time since last request: 186.714581 seconds.
  path: Assets/Prefabs/Building/TEM_Stone_Slab_01A(Clone).prefab
  importAddress: Guid(f2aa3b3835a83764dba9dcff1b17fd2e) Importer(815301076,1909f56bfc062723c751e8b465ee728b)
Start importing Assets/Prefabs/Building/TEM_Stone_Slab_01A(Clone).prefab using Guid(f2aa3b3835a83764dba9dcff1b17fd2e) Importer(815301076,1909f56bfc062723c751e8b465ee728b) (PreviewImporter) -> (Import Result ID: '367f14a3897916d411b8abc0149e02cb') in 0.5578017 seconds [static and dynamic dependencies]. Details - ImportResultOutputID=8fac5ac32e2487ec7156113ff43d0fbc DependenciesID=7b87338312cf3df3079bad25872428f2 StaticDependenciesID=125301d97b07f1fd0d45fe7e3b447c96 
Number of updated asset objects reloaded before import = 0Number of asset objects unloaded after import = 15

========================================================================
Received Import Request.
  Time since last request: 18.269348 seconds.
  path: Assets/Prefabs/Building/TEM_Stone_Slab_01A(Clone) Variant.prefab
  importAddress: Guid(6972002a491ddec459401684575d5cb2) Importer(815301076,1909f56bfc062723c751e8b465ee728b)
Start importing Assets/Prefabs/Building/TEM_Stone_Slab_01A(Clone) Variant.prefab using Guid(6972002a491ddec459401684575d5cb2) Importer(815301076,1909f56bfc062723c751e8b465ee728b) (PreviewImporter) -> (Import Result ID: '66d248380a22a02cc4c97016bacee7f2') in 0.0634521 seconds [static and dynamic dependencies]. Details - ImportResultOutputID=83165ff1e8170c08176ef199f4d7148e DependenciesID=11088790cc9831b33d4c3a8b83bb2bc9 StaticDependenciesID=701d450c3c00f8db0d218a491aed3f44 
Number of updated asset objects reloaded before import = 0Number of asset objects unloaded after import = 24

========================================================================
Received Import Request.
  Time since last request: 13.027401 seconds.
  path: Assets/Prefabs/Building/TEM_Wall_Long_03A_LOD0.prefab
  importAddress: Guid(acfd56be1327c2a47a6cc02e4ebd740c) Importer(815301076,1909f56bfc062723c751e8b465ee728b)
Start importing Assets/Prefabs/Building/TEM_Wall_Long_03A_LOD0.prefab using Guid(acfd56be1327c2a47a6cc02e4ebd740c) Importer(815301076,1909f56bfc062723c751e8b465ee728b) (PreviewImporter) -> (Import Result ID: '4eb12297c9bdd808e8192c65047df0ff') in 0.0552254 seconds [static and dynamic dependencies]. Details - ImportResultOutputID=ef113413e3acac9dc78aabb1a50bc533 DependenciesID=89a4372eb17131d44fd19897580c2cfa StaticDependenciesID=768f56cb7e8f48177a5b87d2b38c2052 
Number of updated asset objects reloaded before import = 0Number of asset objects unloaded after import = 14

========================================================================
Received Import Request.
  Time since last request: 36.492380 seconds.
  path: Assets/Prefabs/Building/TEM_Wall_Long_03A(Clone).prefab
  importAddress: Guid(b593eb584358d1b4fb49976f227e3d09) Importer(815301076,1909f56bfc062723c751e8b465ee728b)
Start importing Assets/Prefabs/Building/TEM_Wall_Long_03A(Clone).prefab using Guid(b593eb584358d1b4fb49976f227e3d09) Importer(815301076,1909f56bfc062723c751e8b465ee728b) (PreviewImporter) -> (Import Result ID: 'cd166e765c145a76d782a0d9576adba5') in 0.0509593 seconds [static and dynamic dependencies]. Details - ImportResultOutputID=fe50c9a31a1751de4d8c9c1e00c788fd DependenciesID=5be9d45b3743024491f61c3265375918 StaticDependenciesID=0f09539610e336ebe7ea7138dac2646c 
Number of updated asset objects reloaded before import = 0Number of asset objects unloaded after import = 27

========================================================================
Received Import Request.
  Time since last request: 5.809016 seconds.
  path: Assets/Prefabs/Building/TEM_Wood_Floor_01A(Clone).prefab
  importAddress: Guid(3b3a47f1e04fabd47b28908a95899be2) Importer(815301076,1909f56bfc062723c751e8b465ee728b)
Start importing Assets/Prefabs/Building/TEM_Wood_Floor_01A(Clone).prefab using Guid(3b3a47f1e04fabd47b28908a95899be2) Importer(815301076,1909f56bfc062723c751e8b465ee728b) (PreviewImporter) -> (Import Result ID: '1cc2b1a3595574e78a3f6cb39a2c7fa2') in 0.0309707 seconds [static and dynamic dependencies]. Details - ImportResultOutputID=1708bcf47726b529a0fa66448f1b106e DependenciesID=ca04a254c3fa34a0b5965d7840ea2a31 StaticDependenciesID=e0f7ff03d9606f676c87d4851b35e9da 
Number of updated asset objects reloaded before import = 0Number of asset objects unloaded after import = 13

========================================================================
Received Import Request.
  Time since last request: 28.217807 seconds.
  path: Assets/Prefabs/Building/TEM_Stone_Slab_01A(Clone).prefab
  importAddress: Guid(f2aa3b3835a83764dba9dcff1b17fd2e) Importer(815301076,1909f56bfc062723c751e8b465ee728b)
Start importing Assets/Prefabs/Building/TEM_Stone_Slab_01A(Clone).prefab using Guid(f2aa3b3835a83764dba9dcff1b17fd2e) Importer(815301076,1909f56bfc062723c751e8b465ee728b) (PreviewImporter) -> (Import Result ID: 'ce2ae4153e44a2793229efc6816f1254') in 0.0473218 seconds [static and dynamic dependencies]. Details - ImportResultOutputID=8fac5ac32e2487ec7156113ff43d0fbc DependenciesID=8ee3f8259ce1a0a401cf6a191bdd0ba0 StaticDependenciesID=9f7e538dd5547f1c56e2c7621d3733c3 
Number of updated asset objects reloaded before import = 0Number of asset objects unloaded after import = 15

========================================================================
Received Import Request.
  Time since last request: 1.924386 seconds.
  path: Assets/Prefabs/Building/TEM_Stone_Slab_01A(Clone).prefab
  importAddress: Guid(f2aa3b3835a83764dba9dcff1b17fd2e) Importer(815301076,1909f56bfc062723c751e8b465ee728b)
Start importing Assets/Prefabs/Building/TEM_Stone_Slab_01A(Clone).prefab using Guid(f2aa3b3835a83764dba9dcff1b17fd2e) Importer(815301076,1909f56bfc062723c751e8b465ee728b) (PreviewImporter) -> (Import Result ID: '98942f498061056f0a029638fd7aba5c') in 0.0542546 seconds [static and dynamic dependencies]. Details - ImportResultOutputID=8fac5ac32e2487ec7156113ff43d0fbc DependenciesID=5b29f1f93835cc258f821c858fbd46e9 StaticDependenciesID=458966fc9f506c2eebb9ce914ee799f3 
Number of updated asset objects reloaded before import = 0Number of asset objects unloaded after import = 15

========================================================================
Received Import Request.
  Time since last request: 3.550268 seconds.
  path: Assets/Prefabs/Building/TEM_Stone_Slab_01A(Clone).prefab
  importAddress: Guid(f2aa3b3835a83764dba9dcff1b17fd2e) Importer(815301076,1909f56bfc062723c751e8b465ee728b)
Start importing Assets/Prefabs/Building/TEM_Stone_Slab_01A(Clone).prefab using Guid(f2aa3b3835a83764dba9dcff1b17fd2e) Importer(815301076,1909f56bfc062723c751e8b465ee728b) (PreviewImporter) -> (Import Result ID: 'c7feaf6b3f00da32eede17dd7f1bc4a7') in 0.0549648 seconds [static and dynamic dependencies]. Details - ImportResultOutputID=66b92c203b8092e3ac389fc997122df8 DependenciesID=596d6a689fa173456ab1a49412c4552a StaticDependenciesID=7f7a6617812c1d5ddd72d0554fcb11c2 
Number of updated asset objects reloaded before import = 0Number of asset objects unloaded after import = 15

========================================================================
Received Import Request.
  Time since last request: 0.931736 seconds.
  path: Assets/Prefabs/Building/TEM_Stone_Slab_01A(Clone).prefab
  importAddress: Guid(f2aa3b3835a83764dba9dcff1b17fd2e) Importer(815301076,1909f56bfc062723c751e8b465ee728b)
Start importing Assets/Prefabs/Building/TEM_Stone_Slab_01A(Clone).prefab using Guid(f2aa3b3835a83764dba9dcff1b17fd2e) Importer(815301076,1909f56bfc062723c751e8b465ee728b) (PreviewImporter) -> (Import Result ID: 'f6bbdf5e671fdfe44515594cf2109b73') in 0.0514752 seconds [static and dynamic dependencies]. Details - ImportResultOutputID=09d2e3ce6e596ffe303fd60ac1a885dd DependenciesID=4aa6f1d4390129f2c8f9e12c53431ffd StaticDependenciesID=e6ddd954ebb022b99c160daf7e22c9f5 
Number of updated asset objects reloaded before import = 0Number of asset objects unloaded after import = 15

========================================================================
Received Import Request.
  Time since last request: 5.585981 seconds.
  path: Assets/Prefabs/Building/TEM_Wall_Long_03A(Clone).prefab
  importAddress: Guid(b593eb584358d1b4fb49976f227e3d09) Importer(815301076,1909f56bfc062723c751e8b465ee728b)
Start importing Assets/Prefabs/Building/TEM_Wall_Long_03A(Clone).prefab using Guid(b593eb584358d1b4fb49976f227e3d09) Importer(815301076,1909f56bfc062723c751e8b465ee728b) (PreviewImporter) -> (Import Result ID: '012dd1e21d244c320c806cf3143a693c') in 0.0521062 seconds [static and dynamic dependencies]. Details - ImportResultOutputID=27d36f1b3ed688aef43b83c70fa86e64 DependenciesID=d2f9d3a62d3bdef8f2650fcc89163f3f StaticDependenciesID=21d9fbc3e90dea54a4566cc9591119b7 
Number of updated asset objects reloaded before import = 0Number of asset objects unloaded after import = 27

========================================================================
Received Import Request.
  Time since last request: 2.865183 seconds.
  path: Assets/Prefabs/Building/TEM_Wall_Long_03A(Clone).prefab
  importAddress: Guid(b593eb584358d1b4fb49976f227e3d09) Importer(815301076,1909f56bfc062723c751e8b465ee728b)
Start importing Assets/Prefabs/Building/TEM_Wall_Long_03A(Clone).prefab using Guid(b593eb584358d1b4fb49976f227e3d09) Importer(815301076,1909f56bfc062723c751e8b465ee728b) (PreviewImporter) -> (Import Result ID: 'cea6e0d33175f9df71f9265590a8df97') in 0.0600626 seconds [static and dynamic dependencies]. Details - ImportResultOutputID=fe50c9a31a1751de4d8c9c1e00c788fd DependenciesID=bd4a5daea2e76ca35d63fecb614d0126 StaticDependenciesID=e64a460c737eff5fea433de24de02f9a 
Number of updated asset objects reloaded before import = 0Number of asset objects unloaded after import = 27

========================================================================
Received Import Request.
  Time since last request: 1.045211 seconds.
  path: Assets/Prefabs/Building/TEM_Wall_Long_03A(Clone).prefab
  importAddress: Guid(b593eb584358d1b4fb49976f227e3d09) Importer(815301076,1909f56bfc062723c751e8b465ee728b)
Start importing Assets/Prefabs/Building/TEM_Wall_Long_03A(Clone).prefab using Guid(b593eb584358d1b4fb49976f227e3d09) Importer(815301076,1909f56bfc062723c751e8b465ee728b) (PreviewImporter) -> (Import Result ID: '8a30e30b798c4ac6bea6a61b1af65819') in 0.0562565 seconds [static and dynamic dependencies]. Details - ImportResultOutputID=fe50c9a31a1751de4d8c9c1e00c788fd DependenciesID=15b903d1533d782f7326f6950fe58721 StaticDependenciesID=cb7739c1aa3c66038a3d33415b82c97b 
Number of updated asset objects reloaded before import = 0Number of asset objects unloaded after import = 27

========================================================================
Received Import Request.
  Time since last request: 3.742764 seconds.
  path: Assets/Prefabs/Building/TEM_Wood_Floor_01A(Clone).prefab
  importAddress: Guid(3b3a47f1e04fabd47b28908a95899be2) Importer(815301076,1909f56bfc062723c751e8b465ee728b)
Start importing Assets/Prefabs/Building/TEM_Wood_Floor_01A(Clone).prefab using Guid(3b3a47f1e04fabd47b28908a95899be2) Importer(815301076,1909f56bfc062723c751e8b465ee728b) (PreviewImporter) -> (Import Result ID: 'baf3fc7658692c91478a93f26aee3a7e') in 0.028046 seconds [static and dynamic dependencies]. Details - ImportResultOutputID=1708bcf47726b529a0fa66448f1b106e DependenciesID=ad4bb2960bffec19d78a49cda479279c StaticDependenciesID=467ffed75bc1bfec87c333de688e1327 
Number of updated asset objects reloaded before import = 0Number of asset objects unloaded after import = 13

========================================================================
Received Import Request.
  Time since last request: 2.483250 seconds.
  path: Assets/Prefabs/Building/TEM_Wood_Floor_01A(Clone).prefab
  importAddress: Guid(3b3a47f1e04fabd47b28908a95899be2) Importer(815301076,1909f56bfc062723c751e8b465ee728b)
Start importing Assets/Prefabs/Building/TEM_Wood_Floor_01A(Clone).prefab using Guid(3b3a47f1e04fabd47b28908a95899be2) Importer(815301076,1909f56bfc062723c751e8b465ee728b) (PreviewImporter) -> (Import Result ID: 'd8894c8843b32113210fad9be6dc194f') in 0.0381016 seconds [static and dynamic dependencies]. Details - ImportResultOutputID=1096156f10eb33a72cfc4cf7b0c51a3e DependenciesID=a1d4c80b219a89787c455f38a4da299d StaticDependenciesID=0228b638f2f8dacdaa5d9bf78f9a4e04 
Number of updated asset objects reloaded before import = 0Number of asset objects unloaded after import = 13

========================================================================
Received Import Request.
  Time since last request: 51.073157 seconds.
  path: Assets/Prefabs/Building/TEM_Wood_Floor_01A(Clone).prefab
  importAddress: Guid(3b3a47f1e04fabd47b28908a95899be2) Importer(815301076,1909f56bfc062723c751e8b465ee728b)
Start importing Assets/Prefabs/Building/TEM_Wood_Floor_01A(Clone).prefab using Guid(3b3a47f1e04fabd47b28908a95899be2) Importer(815301076,1909f56bfc062723c751e8b465ee728b) (PreviewImporter) -> (Import Result ID: '3bf4f5767dec65db9dbc62394f400a62') in 0.0264114 seconds [static and dynamic dependencies]. Details - ImportResultOutputID=1708bcf47726b529a0fa66448f1b106e DependenciesID=09a205c114df7f5022800207b5d3dd89 StaticDependenciesID=0f7e6fea14bd4b6f93ee811b97ef73b5 
Number of updated asset objects reloaded before import = 0Number of asset objects unloaded after import = 13

========================================================================
Received Import Request.
  Time since last request: 27.334548 seconds.
  path: Assets/Prefabs/Building/TEM_Wall_Long_03A(Clone).prefab
  importAddress: Guid(b593eb584358d1b4fb49976f227e3d09) Importer(815301076,1909f56bfc062723c751e8b465ee728b)
Start importing Assets/Prefabs/Building/TEM_Wall_Long_03A(Clone).prefab using Guid(b593eb584358d1b4fb49976f227e3d09) Importer(815301076,1909f56bfc062723c751e8b465ee728b) (PreviewImporter) -> (Import Result ID: '4cdaa15d1e8fb80e800ecce24ee06e60') in 0.0527976 seconds [static and dynamic dependencies]. Details - ImportResultOutputID=fe50c9a31a1751de4d8c9c1e00c788fd DependenciesID=73a2f21730c4230a515ea9d06e073afe StaticDependenciesID=375b4c0bf657b3a118ec35328b5f73b5 
Number of updated asset objects reloaded before import = 0Number of asset objects unloaded after import = 27

========================================================================
Received Import Request.
  Time since last request: 3.318392 seconds.
  path: Assets/Prefabs/Building/TEM_Wall_Long_03A(Clone).prefab
  importAddress: Guid(b593eb584358d1b4fb49976f227e3d09) Importer(815301076,1909f56bfc062723c751e8b465ee728b)
Start importing Assets/Prefabs/Building/TEM_Wall_Long_03A(Clone).prefab using Guid(b593eb584358d1b4fb49976f227e3d09) Importer(815301076,1909f56bfc062723c751e8b465ee728b) (PreviewImporter) -> (Import Result ID: 'beba8d46a16f939126df5b58cbe4cd24') in 0.0538705 seconds [static and dynamic dependencies]. Details - ImportResultOutputID=fe50c9a31a1751de4d8c9c1e00c788fd DependenciesID=9f116e381fc6b9edca184b0ed074c3a0 StaticDependenciesID=3e73af0aed897583860b50ebe774c258 
Number of updated asset objects reloaded before import = 0Number of asset objects unloaded after import = 27

========================================================================
Received Import Request.
  Time since last request: 0.283430 seconds.
  path: Assets/Prefabs/Building/Workshop.asset
  importAddress: Guid(d53d128bfb99477429240fb517a01a3b) Importer(815301076,1909f56bfc062723c751e8b465ee728b)
Start importing Assets/Prefabs/Building/Workshop.asset using Guid(d53d128bfb99477429240fb517a01a3b) Importer(815301076,1909f56bfc062723c751e8b465ee728b) (PreviewImporter) -> (Import Result ID: 'd32b72f709b49046ecd7e382c8d56e5a') in 0.0032512 seconds [static and dynamic dependencies]. Details - ImportResultOutputID=98f78dacc838eedf0481f9cd5b873cb7 DependenciesID=1f6b8f7762e4fb0cf974d2cf5cc27b13 StaticDependenciesID=7b43c79da1263ad6c6631a0562f6fda0 
Number of updated asset objects reloaded before import = 0Number of asset objects unloaded after import = 37

========================================================================
Received Import Request.
  Time since last request: 5.107316 seconds.
  path: Assets/Prefabs/Building/TEM_Wall_Long_03A(Clone).prefab
  importAddress: Guid(b593eb584358d1b4fb49976f227e3d09) Importer(815301076,1909f56bfc062723c751e8b465ee728b)
Start importing Assets/Prefabs/Building/TEM_Wall_Long_03A(Clone).prefab using Guid(b593eb584358d1b4fb49976f227e3d09) Importer(815301076,1909f56bfc062723c751e8b465ee728b) (PreviewImporter) -> (Import Result ID: 'abbc669d09cf4c5b693c0fb903bebe44') in 0.0600915 seconds [static and dynamic dependencies]. Details - ImportResultOutputID=6730d81fa59561e4ab32847e90e06931 DependenciesID=e52f35094213e9212999cb956e044827 StaticDependenciesID=fa6844ac19ecc32059b8cf8da9162b3d 
Number of updated asset objects reloaded before import = 0Number of asset objects unloaded after import = 42

========================================================================
Received Import Request.
  Time since last request: 1.559542 seconds.
  path: Assets/Prefabs/Building/TEM_Wall_Long_03A(Clone).prefab
  importAddress: Guid(b593eb584358d1b4fb49976f227e3d09) Importer(815301076,1909f56bfc062723c751e8b465ee728b)
Start importing Assets/Prefabs/Building/TEM_Wall_Long_03A(Clone).prefab using Guid(b593eb584358d1b4fb49976f227e3d09) Importer(815301076,1909f56bfc062723c751e8b465ee728b) (PreviewImporter) -> (Import Result ID: 'e2dfca717c3af7a5a88446cbf0954475') in 0.061636 seconds [static and dynamic dependencies]. Details - ImportResultOutputID=c29dc388c4e24004195aa29e194cb2e6 DependenciesID=817ce1779fb497620c7843c081705fed StaticDependenciesID=a61c4ecdf2969b318ed66b731ad0d0a4 
Number of updated asset objects reloaded before import = 0Number of asset objects unloaded after import = 42

========================================================================
Received Import Request.
  Time since last request: 2.145279 seconds.
  path: Assets/Prefabs/Building/TEM_Wall_Long_03A(Clone).prefab
  importAddress: Guid(b593eb584358d1b4fb49976f227e3d09) Importer(815301076,1909f56bfc062723c751e8b465ee728b)
Start importing Assets/Prefabs/Building/TEM_Wall_Long_03A(Clone).prefab using Guid(b593eb584358d1b4fb49976f227e3d09) Importer(815301076,1909f56bfc062723c751e8b465ee728b) (PreviewImporter) -> (Import Result ID: '12bb623626027275c5dd15d0cd6a2630') in 0.0550677 seconds [static and dynamic dependencies]. Details - ImportResultOutputID=c2b348223b2c87f7c6302914a39f7824 DependenciesID=978705b325c217051d7a7afe429c0fca StaticDependenciesID=3cd7b8636cd78ebd19d5c885f8f5e32c 
Number of updated asset objects reloaded before import = 0Number of asset objects unloaded after import = 42

========================================================================
Received Import Request.
  Time since last request: 11.596678 seconds.
  path: Assets/Prefabs/Building/TEM_Wall_Long_03A(Clone).prefab
  importAddress: Guid(b593eb584358d1b4fb49976f227e3d09) Importer(815301076,1909f56bfc062723c751e8b465ee728b)
Start importing Assets/Prefabs/Building/TEM_Wall_Long_03A(Clone).prefab using Guid(b593eb584358d1b4fb49976f227e3d09) Importer(815301076,1909f56bfc062723c751e8b465ee728b) (PreviewImporter) -> (Import Result ID: '528ed069695505aa5ebff8f8ecb4c791') in 0.0544429 seconds [static and dynamic dependencies]. Details - ImportResultOutputID=1e59abdc2be7c2676de94035acdd17d8 DependenciesID=7e55325ddf0781b68bc609dba2d9e84d StaticDependenciesID=bbee703553ac73523a446a0cb1f00e97 
Number of updated asset objects reloaded before import = 0Number of asset objects unloaded after import = 42

========================================================================
Received Import Request.
  Time since last request: 5.955009 seconds.
  path: Assets/Prefabs/Building/TEM_Wall_Long_03A(Clone).prefab
  importAddress: Guid(b593eb584358d1b4fb49976f227e3d09) Importer(815301076,1909f56bfc062723c751e8b465ee728b)
Start importing Assets/Prefabs/Building/TEM_Wall_Long_03A(Clone).prefab using Guid(b593eb584358d1b4fb49976f227e3d09) Importer(815301076,1909f56bfc062723c751e8b465ee728b) (PreviewImporter) -> (Import Result ID: '0f14fb7ad036a5ba8384b1a174b1ecb2') in 0.0534882 seconds [static and dynamic dependencies]. Details - ImportResultOutputID=ee645ba6419da44f15b2d78f7e4bb283 DependenciesID=6822a0ebea9ae97756047e79fb8b969b StaticDependenciesID=d48be10b9bf1f075aa3db399e05d84ca 
Number of updated asset objects reloaded before import = 0Number of asset objects unloaded after import = 42

========================================================================
Received Import Request.
  Time since last request: 1.567661 seconds.
  path: Assets/Prefabs/Building/TEM_Wall_Long_03A(Clone).prefab
  importAddress: Guid(b593eb584358d1b4fb49976f227e3d09) Importer(815301076,1909f56bfc062723c751e8b465ee728b)
Start importing Assets/Prefabs/Building/TEM_Wall_Long_03A(Clone).prefab using Guid(b593eb584358d1b4fb49976f227e3d09) Importer(815301076,1909f56bfc062723c751e8b465ee728b) (PreviewImporter) -> (Import Result ID: '7bf8a1628834135c684b4ea22b76a9cf') in 0.0541904 seconds [static and dynamic dependencies]. Details - ImportResultOutputID=c81d343bd95261314c30d1cd8c3105f1 DependenciesID=c076e526290123eeba074afd6b993fca StaticDependenciesID=ecf66adee95d96b107be9d6ad073d71f 
Number of updated asset objects reloaded before import = 0Number of asset objects unloaded after import = 42

========================================================================
Received Import Request.
  Time since last request: 3.954944 seconds.
  path: Assets/Prefabs/Building/TEM_Wall_Long_03A(Clone).prefab
  importAddress: Guid(b593eb584358d1b4fb49976f227e3d09) Importer(815301076,1909f56bfc062723c751e8b465ee728b)
Start importing Assets/Prefabs/Building/TEM_Wall_Long_03A(Clone).prefab using Guid(b593eb584358d1b4fb49976f227e3d09) Importer(815301076,1909f56bfc062723c751e8b465ee728b) (PreviewImporter) -> (Import Result ID: '4af1cc068670063aedb15ea4cd16ac81') in 0.0537973 seconds [static and dynamic dependencies]. Details - ImportResultOutputID=817d27a1c116a532c8ffeb6731286408 DependenciesID=9a2d516b8ebf1fbf1ace6b19c9f9eca5 StaticDependenciesID=66143bab5d9204d455e81f8b8c00addc 
Number of updated asset objects reloaded before import = 0Number of asset objects unloaded after import = 42

========================================================================
Received Import Request.
  Time since last request: 5.984655 seconds.
  path: Assets/Prefabs/Building/TEM_Wall_Long_03A(Clone).prefab
  importAddress: Guid(b593eb584358d1b4fb49976f227e3d09) Importer(815301076,1909f56bfc062723c751e8b465ee728b)
Start importing Assets/Prefabs/Building/TEM_Wall_Long_03A(Clone).prefab using Guid(b593eb584358d1b4fb49976f227e3d09) Importer(815301076,1909f56bfc062723c751e8b465ee728b) (PreviewImporter) -> (Import Result ID: '8ae51bfc9577b70ba1f8ab38d278b148') in 0.0547475 seconds [static and dynamic dependencies]. Details - ImportResultOutputID=4afe0c46be85252ef4529df766f41960 DependenciesID=94468a4f983826dd3c12b76fd100d9a9 StaticDependenciesID=85d7c26065771de3fd5472762bd42c28 
Number of updated asset objects reloaded before import = 0Number of asset objects unloaded after import = 42

========================================================================
Received Import Request.
  Time since last request: 8.185835 seconds.
  path: Assets/Prefabs/Building/TEM_Wall_Long_03A(Clone).prefab
  importAddress: Guid(b593eb584358d1b4fb49976f227e3d09) Importer(815301076,1909f56bfc062723c751e8b465ee728b)
Start importing Assets/Prefabs/Building/TEM_Wall_Long_03A(Clone).prefab using Guid(b593eb584358d1b4fb49976f227e3d09) Importer(815301076,1909f56bfc062723c751e8b465ee728b) (PreviewImporter) -> (Import Result ID: 'f67eefc9218f4dc3eb2e6d875ba9bef7') in 0.0569689 seconds [static and dynamic dependencies]. Details - ImportResultOutputID=288f8073cc69de2cdf2c353075335eac DependenciesID=29c43c3be9e3340be82d368c662730e6 StaticDependenciesID=765b56b6fb7106930ad7bdb969b9f795 
Number of updated asset objects reloaded before import = 0Number of asset objects unloaded after import = 42

========================================================================
Received Import Request.
  Time since last request: 4.338622 seconds.
  path: Assets/Prefabs/Building/TEM_Wall_Long_03A(Clone).prefab
  importAddress: Guid(b593eb584358d1b4fb49976f227e3d09) Importer(815301076,1909f56bfc062723c751e8b465ee728b)
Start importing Assets/Prefabs/Building/TEM_Wall_Long_03A(Clone).prefab using Guid(b593eb584358d1b4fb49976f227e3d09) Importer(815301076,1909f56bfc062723c751e8b465ee728b) (PreviewImporter) -> (Import Result ID: '4498f2c5b50acdabab55a8c6c957699d') in 0.0590911 seconds [static and dynamic dependencies]. Details - ImportResultOutputID=f19f2b7d3c9d89513b3e7be33a3c4850 DependenciesID=1af18663e09be4e684f4a657d027ced4 StaticDependenciesID=ea880fd92ff0758edfc2e934a8fef1cc 
Number of updated asset objects reloaded before import = 0Number of asset objects unloaded after import = 42

========================================================================
Received Import Request.
  Time since last request: 0.750672 seconds.
  path: Assets/Prefabs/Building/TEM_Wall_Long_03A(Clone).prefab
  importAddress: Guid(b593eb584358d1b4fb49976f227e3d09) Importer(815301076,1909f56bfc062723c751e8b465ee728b)
Start importing Assets/Prefabs/Building/TEM_Wall_Long_03A(Clone).prefab using Guid(b593eb584358d1b4fb49976f227e3d09) Importer(815301076,1909f56bfc062723c751e8b465ee728b) (PreviewImporter) -> (Import Result ID: '76972aaad1b162dab483eb9441580681') in 0.0579413 seconds [static and dynamic dependencies]. Details - ImportResultOutputID=246185911886c6ce0acb6ca1dfdbb43d DependenciesID=fb7760b9b3d77da3833849a940678d20 StaticDependenciesID=2a612233ca2285b2f8dfcc9f15ca4d4a 
Number of updated asset objects reloaded before import = 0Number of asset objects unloaded after import = 42

========================================================================
Received Import Request.
  Time since last request: 2.923849 seconds.
  path: Assets/Prefabs/Building/TEM_Wall_Long_03A(Clone).prefab
  importAddress: Guid(b593eb584358d1b4fb49976f227e3d09) Importer(815301076,1909f56bfc062723c751e8b465ee728b)
Start importing Assets/Prefabs/Building/TEM_Wall_Long_03A(Clone).prefab using Guid(b593eb584358d1b4fb49976f227e3d09) Importer(815301076,1909f56bfc062723c751e8b465ee728b) (PreviewImporter) -> (Import Result ID: 'cd831e6e084c62680508bce7d39c5824') in 0.0493129 seconds [static and dynamic dependencies]. Details - ImportResultOutputID=5ee1b999c47695d00bc785374fabe9d0 DependenciesID=b7d4cc731a61e23a0aba802f52762ba5 StaticDependenciesID=78d90cf304347083dceab29cdbae69f1 
Number of updated asset objects reloaded before import = 0Number of asset objects unloaded after import = 27

========================================================================
Received Import Request.
  Time since last request: 47.775299 seconds.
  path: Assets/Prefabs/Building/TEM_Wall_Long_03A(Clone).prefab
  importAddress: Guid(b593eb584358d1b4fb49976f227e3d09) Importer(815301076,1909f56bfc062723c751e8b465ee728b)
Start importing Assets/Prefabs/Building/TEM_Wall_Long_03A(Clone).prefab using Guid(b593eb584358d1b4fb49976f227e3d09) Importer(815301076,1909f56bfc062723c751e8b465ee728b) (PreviewImporter) -> (Import Result ID: 'baa9e44004aa3d6e94e3b90cc575b104') in 0.0539258 seconds [static and dynamic dependencies]. Details - ImportResultOutputID=2cf7dcd48e8f4d70211bbd582897e033 DependenciesID=808ab70a7813b70299730c2982bf6f56 StaticDependenciesID=91a61ed4bf410d7d5a01319170d4cd79 
Number of updated asset objects reloaded before import = 0Number of asset objects unloaded after import = 27

========================================================================
Received Import Request.
  Time since last request: 1.761098 seconds.
  path: Assets/Prefabs/Building/TEM_Wall_Long_03A(Clone).prefab
  importAddress: Guid(b593eb584358d1b4fb49976f227e3d09) Importer(815301076,1909f56bfc062723c751e8b465ee728b)
Start importing Assets/Prefabs/Building/TEM_Wall_Long_03A(Clone).prefab using Guid(b593eb584358d1b4fb49976f227e3d09) Importer(815301076,1909f56bfc062723c751e8b465ee728b) (PreviewImporter) -> (Import Result ID: '7d2538258af59273c65b28a4fe671000') in 0.0529899 seconds [static and dynamic dependencies]. Details - ImportResultOutputID=e2b057dfc5308cee0393281ce2a84b28 DependenciesID=23f3ffcc4ecf09250cdff0ee3b2745aa StaticDependenciesID=b3b8d533e970310a5463c682e8d9b7f0 
Number of updated asset objects reloaded before import = 0Number of asset objects unloaded after import = 27

========================================================================
Received Import Request.
  Time since last request: 6.959132 seconds.
  path: Assets/Prefabs/Building/TEM_Wall_Long_03A(Clone).prefab
  importAddress: Guid(b593eb584358d1b4fb49976f227e3d09) Importer(815301076,1909f56bfc062723c751e8b465ee728b)
Start importing Assets/Prefabs/Building/TEM_Wall_Long_03A(Clone).prefab using Guid(b593eb584358d1b4fb49976f227e3d09) Importer(815301076,1909f56bfc062723c751e8b465ee728b) (PreviewImporter) -> (Import Result ID: '81b50853b12b8deb7b04669376509188') in 0.0618031 seconds [static and dynamic dependencies]. Details - ImportResultOutputID=e25faca343a5a45bc71178d5e278cb69 DependenciesID=00b737acb703234b8f1b0ff27c52390e StaticDependenciesID=e14045b503219368e552e0aaaaca847c 
Number of updated asset objects reloaded before import = 0Number of asset objects unloaded after import = 27

========================================================================
Received Import Request.
  Time since last request: 1.149436 seconds.
  path: Assets/Prefabs/Building/TEM_Wall_Long_03A(Clone).prefab
  importAddress: Guid(b593eb584358d1b4fb49976f227e3d09) Importer(815301076,1909f56bfc062723c751e8b465ee728b)
Start importing Assets/Prefabs/Building/TEM_Wall_Long_03A(Clone).prefab using Guid(b593eb584358d1b4fb49976f227e3d09) Importer(815301076,1909f56bfc062723c751e8b465ee728b) (PreviewImporter) -> (Import Result ID: '32a326a67c1d581fdcacdcb52d1683f6') in 0.0493868 seconds [static and dynamic dependencies]. Details - ImportResultOutputID=3cf383ce5611a30cb7ff53bbb96614cb DependenciesID=0f768546a23337513df0a802cdea9807 StaticDependenciesID=f5866dc626a5fb41fe8ac1d9d503c9cd 
Number of updated asset objects reloaded before import = 0Number of asset objects unloaded after import = 27

========================================================================
Received Prepare
Begin MonoManager ReloadAssembly
[Licensing::Client] Successfully resolved entitlement details
[Licensing::Module] License group:
  Id: F4-GDRJ-JSAW-Z6KE-UYZU-XXXX
  Product: Unity Personal
  Type: ULF
  Expiration: Unlimited
[Licensing::Module] License group:
  Id: 20066153379321-UnityPersXXXX
  Product: Unity Personal
  Type: Assigned
  Expiration: Unlimited
Assembly Assembly-CSharp-Editor-firstpass.dll at Library/ScriptAssemblies/Assembly-CSharp-Editor-firstpass.dll not valid. Loading of assembly skipped.
Assembly Assembly-CSharp-firstpass.dll at Library/ScriptAssemblies/Assembly-CSharp-firstpass.dll not valid. Loading of assembly skipped.
Assembly DocCodeExamples.dll at Library/ScriptAssemblies/DocCodeExamples.dll not valid. Loading of assembly skipped.
Assembly TestNewCustomAssembly.dll at Library/ScriptAssemblies/TestNewCustomAssembly.dll not valid. Loading of assembly skipped.
Assembly Unity.Collections.BurstCompatibilityGen.dll at Library/ScriptAssemblies/Unity.Collections.BurstCompatibilityGen.dll not valid. Loading of assembly skipped.
Assembly Unity.Collections.DocCodeSamples.dll at Library/ScriptAssemblies/Unity.Collections.DocCodeSamples.dll not valid. Loading of assembly skipped.
Assembly Unity.Collections.PerformanceTests.dll at Library/ScriptAssemblies/Unity.Collections.PerformanceTests.dll not valid. Loading of assembly skipped.
Assembly Unity.Collections.Tests.dll at Library/ScriptAssemblies/Unity.Collections.Tests.dll not valid. Loading of assembly skipped.
Assembly Unity.Collections.Tests.Playmode.dll at Library/ScriptAssemblies/Unity.Collections.Tests.Playmode.dll not valid. Loading of assembly skipped.
Assembly Unity.InputSystem.IntegrationTests.dll at Library/ScriptAssemblies/Unity.InputSystem.IntegrationTests.dll not valid. Loading of assembly skipped.
Assembly Unity.Mathematics.Tests.dll at Library/ScriptAssemblies/Unity.Mathematics.Tests.dll not valid. Loading of assembly skipped.
Assembly Unity.Multiplayer.Center.Editor.Tests.dll at Library/ScriptAssemblies/Unity.Multiplayer.Center.Editor.Tests.dll not valid. Loading of assembly skipped.
Assembly Unity.Multiplayer.Center.Tests.dll at Library/ScriptAssemblies/Unity.Multiplayer.Center.Tests.dll not valid. Loading of assembly skipped.
Assembly Unity.Nuget.Mono-Cecil.dll at Library/ScriptAssemblies/Unity.Nuget.Mono-Cecil.dll not valid. Loading of assembly skipped.
Assembly Unity.PathTracing.Editor.Tests.dll at Library/ScriptAssemblies/Unity.PathTracing.Editor.Tests.dll not valid. Loading of assembly skipped.
Assembly Unity.PathTracing.Runtime.Tests.dll at Library/ScriptAssemblies/Unity.PathTracing.Runtime.Tests.dll not valid. Loading of assembly skipped.
Assembly Unity.RenderPipelines.Core.Editor.Tests.dll at Library/ScriptAssemblies/Unity.RenderPipelines.Core.Editor.Tests.dll not valid. Loading of assembly skipped.
Assembly Unity.RenderPipelines.Core.Runtime.Tests.dll at Library/ScriptAssemblies/Unity.RenderPipelines.Core.Runtime.Tests.dll not valid. Loading of assembly skipped.
Assembly Unity.RenderPipelines.Universal.Config.Editor.Tests.dll at Library/ScriptAssemblies/Unity.RenderPipelines.Universal.Config.Editor.Tests.dll not valid. Loading of assembly skipped.
Assembly Unity.RenderPipelines.Universal.Editor.Tests.dll at Library/ScriptAssemblies/Unity.RenderPipelines.Universal.Editor.Tests.dll not valid. Loading of assembly skipped.
Assembly Unity.RenderPipelines.Universal.Runtime.Tests.dll at Library/ScriptAssemblies/Unity.RenderPipelines.Universal.Runtime.Tests.dll not valid. Loading of assembly skipped.
Assembly Unity.Searcher.EditorTests.dll at Library/ScriptAssemblies/Unity.Searcher.EditorTests.dll not valid. Loading of assembly skipped.
Assembly Unity.ShaderGraph.Editor.Tests.dll at Library/ScriptAssemblies/Unity.ShaderGraph.Editor.Tests.dll not valid. Loading of assembly skipped.
Assembly Unity.TextMeshPro.Editor.Tests.dll at Library/ScriptAssemblies/Unity.TextMeshPro.Editor.Tests.dll not valid. Loading of assembly skipped.
Assembly Unity.TextMeshPro.Tests.dll at Library/ScriptAssemblies/Unity.TextMeshPro.Tests.dll not valid. Loading of assembly skipped.
Assembly Unity.UnifiedRayTracing.Editor.Tests.dll at Library/ScriptAssemblies/Unity.UnifiedRayTracing.Editor.Tests.dll not valid. Loading of assembly skipped.
Assembly UnityEditor.UI.Common.Tests.dll at Library/ScriptAssemblies/UnityEditor.UI.Common.Tests.dll not valid. Loading of assembly skipped.
Assembly UnityEditor.UI.EditorTests.dll at Library/ScriptAssemblies/UnityEditor.UI.EditorTests.dll not valid. Loading of assembly skipped.
Assembly UnityEngine.UI.Tests.dll at Library/ScriptAssemblies/UnityEngine.UI.Tests.dll not valid. Loading of assembly skipped.
Symbol file LoadedFromMemory is not a mono symbol file
Native extension for WindowsStandalone target not found
Native extension for WebGL target not found
[Package Manager] Failed to launch server process. Reason: Unity was launched with the -noUpm command-line argument
[Package Manager] Unable to send message (not connected to server process).
[Package Manager] Cannot connect to Unity Package Manager local server
[Package Manager] Failed to launch server process. Reason: Unity was launched with the -noUpm command-line argument
[Package Manager] Unable to send message (not connected to server process).
[Package Manager] Cannot connect to Unity Package Manager local server
ScheduleIndexationOnStartup MainProcess:False IndexOnStartup:True
Mono: successfully reloaded assembly
- Finished resetting the current domain, in  0.799 seconds
Domain Reload Profiling: 1667ms
	BeginReloadAssembly (222ms)
		DisableScriptedObjects (23ms)
		CreateAndSetChildDomain (60ms)
	RebuildCommonClasses (47ms)
	RebuildNativeTypeToScriptingClass (15ms)
	initialDomainReloadingComplete (65ms)
	LoadAllAssembliesAndSetupDomain (519ms)
		LoadAssemblies (340ms)
		AnalyzeDomain (247ms)
			TypeCache.Refresh (9ms)
			BuildScriptInfoCaches (217ms)
			ResolveRequiredComponents (18ms)
	FinalizeReload (800ms)
		SetupLoadedEditorAssemblies (0ms)
			BeforeProcessingInitializeOnLoad (163ms)
			ProcessInitializeOnLoadAttributes (328ms)
			ProcessInitializeOnLoadMethodAttributes (103ms)
			AfterProcessingInitializeOnLoad (6ms)
		AwakeInstancesAfterBackupRestoration (16ms)
Unloading 24 Unused Serialized files (Serialized files now loaded: 0)
Unloading 7018 unused Assets / (5.5 MB). Loaded Objects now: 7943.
Memory consumption went from 178.1 MB to 172.7 MB.
Total: 10.497600 ms (FindLiveObjects: 1.173200 ms CreateObjectMapping: 0.403800 ms MarkObjects: 5.675500 ms  DeleteObjects: 3.243700 ms)

Prepare: number of updated asset objects reloaded= 0
========================================================================
Received Prepare
Begin MonoManager ReloadAssembly
Assembly Assembly-CSharp-Editor-firstpass.dll at Library/ScriptAssemblies/Assembly-CSharp-Editor-firstpass.dll not valid. Loading of assembly skipped.
Assembly Assembly-CSharp-firstpass.dll at Library/ScriptAssemblies/Assembly-CSharp-firstpass.dll not valid. Loading of assembly skipped.
Assembly DocCodeExamples.dll at Library/ScriptAssemblies/DocCodeExamples.dll not valid. Loading of assembly skipped.
Assembly TestNewCustomAssembly.dll at Library/ScriptAssemblies/TestNewCustomAssembly.dll not valid. Loading of assembly skipped.
Assembly Unity.Collections.BurstCompatibilityGen.dll at Library/ScriptAssemblies/Unity.Collections.BurstCompatibilityGen.dll not valid. Loading of assembly skipped.
Assembly Unity.Collections.DocCodeSamples.dll at Library/ScriptAssemblies/Unity.Collections.DocCodeSamples.dll not valid. Loading of assembly skipped.
Assembly Unity.Collections.PerformanceTests.dll at Library/ScriptAssemblies/Unity.Collections.PerformanceTests.dll not valid. Loading of assembly skipped.
Assembly Unity.Collections.Tests.dll at Library/ScriptAssemblies/Unity.Collections.Tests.dll not valid. Loading of assembly skipped.
Assembly Unity.Collections.Tests.Playmode.dll at Library/ScriptAssemblies/Unity.Collections.Tests.Playmode.dll not valid. Loading of assembly skipped.
Assembly Unity.InputSystem.IntegrationTests.dll at Library/ScriptAssemblies/Unity.InputSystem.IntegrationTests.dll not valid. Loading of assembly skipped.
Assembly Unity.Mathematics.Tests.dll at Library/ScriptAssemblies/Unity.Mathematics.Tests.dll not valid. Loading of assembly skipped.
Assembly Unity.Multiplayer.Center.Editor.Tests.dll at Library/ScriptAssemblies/Unity.Multiplayer.Center.Editor.Tests.dll not valid. Loading of assembly skipped.
Assembly Unity.Multiplayer.Center.Tests.dll at Library/ScriptAssemblies/Unity.Multiplayer.Center.Tests.dll not valid. Loading of assembly skipped.
Assembly Unity.Nuget.Mono-Cecil.dll at Library/ScriptAssemblies/Unity.Nuget.Mono-Cecil.dll not valid. Loading of assembly skipped.
Assembly Unity.PathTracing.Editor.Tests.dll at Library/ScriptAssemblies/Unity.PathTracing.Editor.Tests.dll not valid. Loading of assembly skipped.
Assembly Unity.PathTracing.Runtime.Tests.dll at Library/ScriptAssemblies/Unity.PathTracing.Runtime.Tests.dll not valid. Loading of assembly skipped.
Assembly Unity.RenderPipelines.Core.Editor.Tests.dll at Library/ScriptAssemblies/Unity.RenderPipelines.Core.Editor.Tests.dll not valid. Loading of assembly skipped.
Assembly Unity.RenderPipelines.Core.Runtime.Tests.dll at Library/ScriptAssemblies/Unity.RenderPipelines.Core.Runtime.Tests.dll not valid. Loading of assembly skipped.
Assembly Unity.RenderPipelines.Universal.Config.Editor.Tests.dll at Library/ScriptAssemblies/Unity.RenderPipelines.Universal.Config.Editor.Tests.dll not valid. Loading of assembly skipped.
Assembly Unity.RenderPipelines.Universal.Editor.Tests.dll at Library/ScriptAssemblies/Unity.RenderPipelines.Universal.Editor.Tests.dll not valid. Loading of assembly skipped.
Assembly Unity.RenderPipelines.Universal.Runtime.Tests.dll at Library/ScriptAssemblies/Unity.RenderPipelines.Universal.Runtime.Tests.dll not valid. Loading of assembly skipped.
Assembly Unity.Searcher.EditorTests.dll at Library/ScriptAssemblies/Unity.Searcher.EditorTests.dll not valid. Loading of assembly skipped.
Assembly Unity.ShaderGraph.Editor.Tests.dll at Library/ScriptAssemblies/Unity.ShaderGraph.Editor.Tests.dll not valid. Loading of assembly skipped.
Assembly Unity.TextMeshPro.Editor.Tests.dll at Library/ScriptAssemblies/Unity.TextMeshPro.Editor.Tests.dll not valid. Loading of assembly skipped.
Assembly Unity.TextMeshPro.Tests.dll at Library/ScriptAssemblies/Unity.TextMeshPro.Tests.dll not valid. Loading of assembly skipped.
Assembly Unity.UnifiedRayTracing.Editor.Tests.dll at Library/ScriptAssemblies/Unity.UnifiedRayTracing.Editor.Tests.dll not valid. Loading of assembly skipped.
Assembly UnityEditor.UI.Common.Tests.dll at Library/ScriptAssemblies/UnityEditor.UI.Common.Tests.dll not valid. Loading of assembly skipped.
Assembly UnityEditor.UI.EditorTests.dll at Library/ScriptAssemblies/UnityEditor.UI.EditorTests.dll not valid. Loading of assembly skipped.
Assembly UnityEngine.UI.Tests.dll at Library/ScriptAssemblies/UnityEngine.UI.Tests.dll not valid. Loading of assembly skipped.
Symbol file LoadedFromMemory is not a mono symbol file
Native extension for WindowsStandalone target not found
Native extension for WebGL target not found
[Package Manager] Failed to launch server process. Reason: Unity was launched with the -noUpm command-line argument
[Package Manager] Unable to send message (not connected to server process).
[Package Manager] Cannot connect to Unity Package Manager local server
[Package Manager] Failed to launch server process. Reason: Unity was launched with the -noUpm command-line argument
[Package Manager] Unable to send message (not connected to server process).
[Package Manager] Cannot connect to Unity Package Manager local server
ScheduleIndexationOnStartup MainProcess:False IndexOnStartup:True
Mono: successfully reloaded assembly
- Finished resetting the current domain, in  1.051 seconds
Domain Reload Profiling: 1939ms
	BeginReloadAssembly (197ms)
		DisableScriptedObjects (9ms)
		CreateAndSetChildDomain (48ms)
	RebuildCommonClasses (54ms)
	RebuildNativeTypeToScriptingClass (24ms)
	initialDomainReloadingComplete (77ms)
	LoadAllAssembliesAndSetupDomain (536ms)
		LoadAssemblies (362ms)
		AnalyzeDomain (248ms)
			TypeCache.Refresh (9ms)
			BuildScriptInfoCaches (225ms)
			ResolveRequiredComponents (12ms)
	FinalizeReload (1052ms)
		SetupLoadedEditorAssemblies (0ms)
			BeforeProcessingInitializeOnLoad (218ms)
			ProcessInitializeOnLoadAttributes (445ms)
			ProcessInitializeOnLoadMethodAttributes (141ms)
			AfterProcessingInitializeOnLoad (10ms)
		AwakeInstancesAfterBackupRestoration (24ms)
Refreshing native plugins compatible for Editor in 2.14 ms, found 4 plugins.
Unloading 24 Unused Serialized files (Serialized files now loaded: 0)
Unloading 7018 unused Assets / (5.7 MB). Loaded Objects now: 7946.
Memory consumption went from 181.7 MB to 176.0 MB.
Total: 16.214300 ms (FindLiveObjects: 1.733200 ms CreateObjectMapping: 1.461900 ms MarkObjects: 8.312200 ms  DeleteObjects: 4.705600 ms)

Prepare: number of updated asset objects reloaded= 0
========================================================================
Received Import Request.
  Time since last request: 48.011466 seconds.
  path: Assets/Prefabs/Building/TEM_Wall_Long_03A(Clone).prefab
  importAddress: Guid(b593eb584358d1b4fb49976f227e3d09) Importer(815301076,1909f56bfc062723c751e8b465ee728b)
Start importing Assets/Prefabs/Building/TEM_Wall_Long_03A(Clone).prefab using Guid(b593eb584358d1b4fb49976f227e3d09) Importer(815301076,1909f56bfc062723c751e8b465ee728b) (PreviewImporter) -> (Import Result ID: 'a9628e61618dc8afa30a76597bc010df') in 0.5451131 seconds [static and dynamic dependencies]. Details - ImportResultOutputID=3cf383ce5611a30cb7ff53bbb96614cb DependenciesID=a80101709b04f292da9413e74f546f66 StaticDependenciesID=29eaf565f29fed5384c6afe63305f21d 
Number of updated asset objects reloaded before import = 0Number of asset objects unloaded after import = 27

========================================================================
Received Import Request.
  Time since last request: 15.524154 seconds.
  path: Assets/Prefabs/Building/TEM_Wall_Long_03A(Clone).prefab
  importAddress: Guid(b593eb584358d1b4fb49976f227e3d09) Importer(815301076,1909f56bfc062723c751e8b465ee728b)
Start importing Assets/Prefabs/Building/TEM_Wall_Long_03A(Clone).prefab using Guid(b593eb584358d1b4fb49976f227e3d09) Importer(815301076,1909f56bfc062723c751e8b465ee728b) (PreviewImporter) -> (Import Result ID: '79c15b4ea8d04142dd929017ddd16f50') in 0.055261 seconds [static and dynamic dependencies]. Details - ImportResultOutputID=cfa4e33d4d20f58aeeb7b1af35a53355 DependenciesID=45d4a70cbd6c0ba5a6e710e68efdd616 StaticDependenciesID=6dbbd6c16d2b8efb86282191f0c4d48c 
Number of updated asset objects reloaded before import = 0Number of asset objects unloaded after import = 27

========================================================================
Received Import Request.
  Time since last request: 6.181036 seconds.
  path: Assets/Prefabs/Building/TEM_Wall_Long_03A(Clone).prefab
  importAddress: Guid(b593eb584358d1b4fb49976f227e3d09) Importer(815301076,1909f56bfc062723c751e8b465ee728b)
Start importing Assets/Prefabs/Building/TEM_Wall_Long_03A(Clone).prefab using Guid(b593eb584358d1b4fb49976f227e3d09) Importer(815301076,1909f56bfc062723c751e8b465ee728b) (PreviewImporter) -> (Import Result ID: 'e44850a7a3d670c4c15eaad56b173f78') in 0.0655983 seconds [static and dynamic dependencies]. Details - ImportResultOutputID=cfa4e33d4d20f58aeeb7b1af35a53355 DependenciesID=4be1d0cdaf3f4772d73070b0414f11a8 StaticDependenciesID=89967c3b35c4bd4341907fa1defd929a 
Number of updated asset objects reloaded before import = 0Number of asset objects unloaded after import = 27

========================================================================
Received Import Request.
  Time since last request: 3.104976 seconds.
  path: Assets/Prefabs/Building/TEM_Wall_Long_03A(Clone).prefab
  importAddress: Guid(b593eb584358d1b4fb49976f227e3d09) Importer(815301076,1909f56bfc062723c751e8b465ee728b)
Start importing Assets/Prefabs/Building/TEM_Wall_Long_03A(Clone).prefab using Guid(b593eb584358d1b4fb49976f227e3d09) Importer(815301076,1909f56bfc062723c751e8b465ee728b) (PreviewImporter) -> (Import Result ID: '9ebd4ce221c2cec367d594163f8fa0fb') in 0.0580462 seconds [static and dynamic dependencies]. Details - ImportResultOutputID=8462592e47c6c98b815518775e8dbae7 DependenciesID=6d139d94789af769a98d93cb772198bd StaticDependenciesID=9cc839fb1d8f354f78a14792750a0e6c 
Number of updated asset objects reloaded before import = 0Number of asset objects unloaded after import = 27

========================================================================
Received Import Request.
  Time since last request: 2.535753 seconds.
  path: Assets/Prefabs/Building/TEM_Wall_Long_03A(Clone).prefab
  importAddress: Guid(b593eb584358d1b4fb49976f227e3d09) Importer(815301076,1909f56bfc062723c751e8b465ee728b)
Start importing Assets/Prefabs/Building/TEM_Wall_Long_03A(Clone).prefab using Guid(b593eb584358d1b4fb49976f227e3d09) Importer(815301076,1909f56bfc062723c751e8b465ee728b) (PreviewImporter) -> (Import Result ID: '43f049150969c02893f0b9323fe4d435') in 0.0552349 seconds [static and dynamic dependencies]. Details - ImportResultOutputID=8462592e47c6c98b815518775e8dbae7 DependenciesID=e10029a512855d3cbd7b7755bc12af3d StaticDependenciesID=854da0fa7edcef587e01cc3caf2abcf6 
Number of updated asset objects reloaded before import = 0Number of asset objects unloaded after import = 27

========================================================================
Received Import Request.
  Time since last request: 12.224257 seconds.
  path: Assets/Prefabs/Building/TEM_Wall_Long_03A(Clone).prefab
  importAddress: Guid(b593eb584358d1b4fb49976f227e3d09) Importer(815301076,1909f56bfc062723c751e8b465ee728b)
Start importing Assets/Prefabs/Building/TEM_Wall_Long_03A(Clone).prefab using Guid(b593eb584358d1b4fb49976f227e3d09) Importer(815301076,1909f56bfc062723c751e8b465ee728b) (PreviewImporter) -> (Import Result ID: '1a9be719609d4e14abd78813424af6b4') in 0.0566098 seconds [static and dynamic dependencies]. Details - ImportResultOutputID=d27de3b551b35dfe250aa9110d2d93ba DependenciesID=82a0603f05fe16c0e4bfbbaeeba72473 StaticDependenciesID=a1dbde6f77b68fcce03ceb87cddcffe0 
Number of updated asset objects reloaded before import = 0Number of asset objects unloaded after import = 42

========================================================================
Received Import Request.
  Time since last request: 1.918660 seconds.
  path: Assets/Prefabs/Building/TEM_Wall_Long_03A(Clone).prefab
  importAddress: Guid(b593eb584358d1b4fb49976f227e3d09) Importer(815301076,1909f56bfc062723c751e8b465ee728b)
Start importing Assets/Prefabs/Building/TEM_Wall_Long_03A(Clone).prefab using Guid(b593eb584358d1b4fb49976f227e3d09) Importer(815301076,1909f56bfc062723c751e8b465ee728b) (PreviewImporter) -> (Import Result ID: '20a6f7d07f5c4507a175cbef0fefe5f8') in 0.0575093 seconds [static and dynamic dependencies]. Details - ImportResultOutputID=dbb250465aeeb73a783fbc71986c8539 DependenciesID=a5e448a159e4ef148aa8cfa2761ee692 StaticDependenciesID=a145b8907a11aa327d95e22b64c3d824 
Number of updated asset objects reloaded before import = 0Number of asset objects unloaded after import = 42

========================================================================
Received Import Request.
  Time since last request: 5.354210 seconds.
  path: Assets/Prefabs/Building/TEM_Wall_Long_03A(Clone).prefab
  importAddress: Guid(b593eb584358d1b4fb49976f227e3d09) Importer(815301076,1909f56bfc062723c751e8b465ee728b)
Start importing Assets/Prefabs/Building/TEM_Wall_Long_03A(Clone).prefab using Guid(b593eb584358d1b4fb49976f227e3d09) Importer(815301076,1909f56bfc062723c751e8b465ee728b) (PreviewImporter) -> (Import Result ID: 'a22a09f249c8090e561ef6d2666812c4') in 0.0540475 seconds [static and dynamic dependencies]. Details - ImportResultOutputID=5fa95a9571991f5e218c06d6e45c42b3 DependenciesID=f117ed5b012d2f8bb6dc789385121b86 StaticDependenciesID=7f424e171ecb73e952de6afadd003ef1 
Number of updated asset objects reloaded before import = 0Number of asset objects unloaded after import = 42

========================================================================
Received Import Request.
  Time since last request: 4.596454 seconds.
  path: Assets/Prefabs/Building/TEM_Wall_Long_03A(Clone).prefab
  importAddress: Guid(b593eb584358d1b4fb49976f227e3d09) Importer(815301076,1909f56bfc062723c751e8b465ee728b)
Start importing Assets/Prefabs/Building/TEM_Wall_Long_03A(Clone).prefab using Guid(b593eb584358d1b4fb49976f227e3d09) Importer(815301076,1909f56bfc062723c751e8b465ee728b) (PreviewImporter) -> (Import Result ID: '64ea5f327a9b3c31b285dc4182aab643') in 0.057726 seconds [static and dynamic dependencies]. Details - ImportResultOutputID=60838f06530cc423f0ba42711ca290c1 DependenciesID=a0baf426ed9b0a80bbe0c04c1f48728e StaticDependenciesID=e8f451a7cb79d3f39ac77ae13a10f457 
Number of updated asset objects reloaded before import = 0Number of asset objects unloaded after import = 42

========================================================================
Received Import Request.
  Time since last request: 4.218591 seconds.
  path: Assets/Prefabs/Building/TEM_Wall_Long_03A(Clone).prefab
  importAddress: Guid(b593eb584358d1b4fb49976f227e3d09) Importer(815301076,1909f56bfc062723c751e8b465ee728b)
Start importing Assets/Prefabs/Building/TEM_Wall_Long_03A(Clone).prefab using Guid(b593eb584358d1b4fb49976f227e3d09) Importer(815301076,1909f56bfc062723c751e8b465ee728b) (PreviewImporter) -> (Import Result ID: '1681ef1526722d712a57d2cdb5828dde') in 0.0490912 seconds [static and dynamic dependencies]. Details - ImportResultOutputID=7921c4f86226160727bf1f2ef63502f4 DependenciesID=34eb989502814eeeb8af66d0b4b14197 StaticDependenciesID=3260ec38da1301b5f6ff1bd68291ce38 
Number of updated asset objects reloaded before import = 0Number of asset objects unloaded after import = 42

========================================================================
Received Import Request.
  Time since last request: 9.196723 seconds.
  path: Assets/Prefabs/Building/TEM_Wall_Long_03A(Clone).prefab
  importAddress: Guid(b593eb584358d1b4fb49976f227e3d09) Importer(815301076,1909f56bfc062723c751e8b465ee728b)
Start importing Assets/Prefabs/Building/TEM_Wall_Long_03A(Clone).prefab using Guid(b593eb584358d1b4fb49976f227e3d09) Importer(815301076,1909f56bfc062723c751e8b465ee728b) (PreviewImporter) -> (Import Result ID: '3ce49921fbe35fca2fd26029e2454c6d') in 0.0574505 seconds [static and dynamic dependencies]. Details - ImportResultOutputID=b941fd11aafbae097e45d3c77893ff58 DependenciesID=dcf354803941087d316e3c9e84b27b22 StaticDependenciesID=da9ae3226dd279a280b7f98d6af66f41 
Number of updated asset objects reloaded before import = 0Number of asset objects unloaded after import = 42

========================================================================
Received Import Request.
  Time since last request: 3.371491 seconds.
  path: Assets/Prefabs/Building/TEM_Wall_Long_03A(Clone).prefab
  importAddress: Guid(b593eb584358d1b4fb49976f227e3d09) Importer(815301076,1909f56bfc062723c751e8b465ee728b)
Start importing Assets/Prefabs/Building/TEM_Wall_Long_03A(Clone).prefab using Guid(b593eb584358d1b4fb49976f227e3d09) Importer(815301076,1909f56bfc062723c751e8b465ee728b) (PreviewImporter) -> (Import Result ID: '8180603bbc43fe1049a4169c768d070d') in 0.0565496 seconds [static and dynamic dependencies]. Details - ImportResultOutputID=73c823cd4939d099563af85dd8aa9bea DependenciesID=9c1ff49c5049c6ac83d4da54e1bc3b1b StaticDependenciesID=bbc5a87ba86446e537e74e5068be081b 
Number of updated asset objects reloaded before import = 0Number of asset objects unloaded after import = 42

========================================================================
Received Import Request.
  Time since last request: 167.539950 seconds.
  path: Assets/Prefabs/Building/TEM_Stone_Slab_01A(Clone).prefab
  importAddress: Guid(f2aa3b3835a83764dba9dcff1b17fd2e) Importer(815301076,1909f56bfc062723c751e8b465ee728b)
Start importing Assets/Prefabs/Building/TEM_Stone_Slab_01A(Clone).prefab using Guid(f2aa3b3835a83764dba9dcff1b17fd2e) Importer(815301076,1909f56bfc062723c751e8b465ee728b) (PreviewImporter) -> (Import Result ID: 'b34ef16b13bee2099271f0a38fe4b08e') in 0.0548887 seconds [static and dynamic dependencies]. Details - ImportResultOutputID=8e4f0b697886b0dfcca5af496cdd5cda DependenciesID=87ca5c6c41d09694c18cefb5ec12652d StaticDependenciesID=702850acd78ad160a60ad4df69b7b470 
Number of updated asset objects reloaded before import = 0Number of asset objects unloaded after import = 15

========================================================================
Received Import Request.
  Time since last request: 1.129798 seconds.
  path: Assets/Prefabs/Building/TEM_Stone_Slab_01A(Clone).prefab
  importAddress: Guid(f2aa3b3835a83764dba9dcff1b17fd2e) Importer(815301076,1909f56bfc062723c751e8b465ee728b)
Start importing Assets/Prefabs/Building/TEM_Stone_Slab_01A(Clone).prefab using Guid(f2aa3b3835a83764dba9dcff1b17fd2e) Importer(815301076,1909f56bfc062723c751e8b465ee728b) (PreviewImporter) -> (Import Result ID: 'f3d168cc76f0735ff35df924c5d2f2fd') in 0.0578078 seconds [static and dynamic dependencies]. Details - ImportResultOutputID=3701a5d4dbf6fe08dbe083e56f666aeb DependenciesID=cd8ad45de9bbce0313d54cc5ddb7bf6f StaticDependenciesID=1e469c55e1ac8c012a355a9ba817543c 
Number of updated asset objects reloaded before import = 0Number of asset objects unloaded after import = 15

========================================================================
Received Import Request.
  Time since last request: 7.652355 seconds.
  path: Assets/Prefabs/Building/TEM_Wall_Long_03A(Clone).prefab
  importAddress: Guid(b593eb584358d1b4fb49976f227e3d09) Importer(815301076,1909f56bfc062723c751e8b465ee728b)
Start importing Assets/Prefabs/Building/TEM_Wall_Long_03A(Clone).prefab using Guid(b593eb584358d1b4fb49976f227e3d09) Importer(815301076,1909f56bfc062723c751e8b465ee728b) (PreviewImporter) -> (Import Result ID: '39f71890067e7fc50b18dbeb56fafeee') in 0.0565555 seconds [static and dynamic dependencies]. Details - ImportResultOutputID=248132641ebf9d07412466a4d41cb882 DependenciesID=23f788ec4c88667cc48817512824b583 StaticDependenciesID=4c1646dfe47de09aa7889c0fb905ac04 
Number of updated asset objects reloaded before import = 0Number of asset objects unloaded after import = 27

========================================================================
Received Import Request.
  Time since last request: 0.423957 seconds.
  path: Assets/Prefabs/Building/TEM_Wall_Long_03A(Clone).prefab
  importAddress: Guid(b593eb584358d1b4fb49976f227e3d09) Importer(815301076,1909f56bfc062723c751e8b465ee728b)
Start importing Assets/Prefabs/Building/TEM_Wall_Long_03A(Clone).prefab using Guid(b593eb584358d1b4fb49976f227e3d09) Importer(815301076,1909f56bfc062723c751e8b465ee728b) (PreviewImporter) -> (Import Result ID: 'd254ef83538b1637e4e154696aaa6a79') in 0.0504641 seconds [static and dynamic dependencies]. Details - ImportResultOutputID=b8acff9897524c2fc145f563038f67d0 DependenciesID=081a2fbe1fd92bbda2dcb16ababc3ea5 StaticDependenciesID=8c1bcd809cc48412df61d9e13174a18c 
Number of updated asset objects reloaded before import = 0Number of asset objects unloaded after import = 27

========================================================================
Received Import Request.
  Time since last request: 3.058651 seconds.
  path: Assets/Prefabs/Building/TEM_Wall_Long_03A(Clone).prefab
  importAddress: Guid(b593eb584358d1b4fb49976f227e3d09) Importer(815301076,1909f56bfc062723c751e8b465ee728b)
Start importing Assets/Prefabs/Building/TEM_Wall_Long_03A(Clone).prefab using Guid(b593eb584358d1b4fb49976f227e3d09) Importer(815301076,1909f56bfc062723c751e8b465ee728b) (PreviewImporter) -> (Import Result ID: '3b4b99703c15cb10699d059b040247b8') in 0.0513284 seconds [static and dynamic dependencies]. Details - ImportResultOutputID=fe50c9a31a1751de4d8c9c1e00c788fd DependenciesID=83565996e4f15cdf8ac35f17cdeb1411 StaticDependenciesID=9622056a228b58053ca618eecde59a91 
Number of updated asset objects reloaded before import = 0Number of asset objects unloaded after import = 27

========================================================================
Received Import Request.
  Time since last request: 1.424359 seconds.
  path: Assets/Prefabs/Building/TEM_Wall_Long_03A(Clone).prefab
  importAddress: Guid(b593eb584358d1b4fb49976f227e3d09) Importer(815301076,1909f56bfc062723c751e8b465ee728b)
Start importing Assets/Prefabs/Building/TEM_Wall_Long_03A(Clone).prefab using Guid(b593eb584358d1b4fb49976f227e3d09) Importer(815301076,1909f56bfc062723c751e8b465ee728b) (PreviewImporter) -> (Import Result ID: 'b7595d8395aabbe58c858ed9eeea6f0a') in 0.0528371 seconds [static and dynamic dependencies]. Details - ImportResultOutputID=fe50c9a31a1751de4d8c9c1e00c788fd DependenciesID=ec54d329a4f35e15ab57940b6f9679f7 StaticDependenciesID=85d36277903b5113cab232795b7fc5a2 
Number of updated asset objects reloaded before import = 0Number of asset objects unloaded after import = 27

========================================================================
Received Prepare
Begin MonoManager ReloadAssembly
[Licensing::Client] Successfully resolved entitlement details
[Licensing::Module] License group:
  Id: F4-GDRJ-JSAW-Z6KE-UYZU-XXXX
  Product: Unity Personal
  Type: ULF
  Expiration: Unlimited
[Licensing::Module] License group:
  Id: 20066153379321-UnityPersXXXX
  Product: Unity Personal
  Type: Assigned
  Expiration: Unlimited
Assembly Assembly-CSharp-Editor-firstpass.dll at Library/ScriptAssemblies/Assembly-CSharp-Editor-firstpass.dll not valid. Loading of assembly skipped.
Assembly Assembly-CSharp-firstpass.dll at Library/ScriptAssemblies/Assembly-CSharp-firstpass.dll not valid. Loading of assembly skipped.
Assembly DocCodeExamples.dll at Library/ScriptAssemblies/DocCodeExamples.dll not valid. Loading of assembly skipped.
Assembly TestNewCustomAssembly.dll at Library/ScriptAssemblies/TestNewCustomAssembly.dll not valid. Loading of assembly skipped.
Assembly Unity.Collections.BurstCompatibilityGen.dll at Library/ScriptAssemblies/Unity.Collections.BurstCompatibilityGen.dll not valid. Loading of assembly skipped.
Assembly Unity.Collections.DocCodeSamples.dll at Library/ScriptAssemblies/Unity.Collections.DocCodeSamples.dll not valid. Loading of assembly skipped.
Assembly Unity.Collections.PerformanceTests.dll at Library/ScriptAssemblies/Unity.Collections.PerformanceTests.dll not valid. Loading of assembly skipped.
Assembly Unity.Collections.Tests.dll at Library/ScriptAssemblies/Unity.Collections.Tests.dll not valid. Loading of assembly skipped.
Assembly Unity.Collections.Tests.Playmode.dll at Library/ScriptAssemblies/Unity.Collections.Tests.Playmode.dll not valid. Loading of assembly skipped.
Assembly Unity.InputSystem.IntegrationTests.dll at Library/ScriptAssemblies/Unity.InputSystem.IntegrationTests.dll not valid. Loading of assembly skipped.
Assembly Unity.Mathematics.Tests.dll at Library/ScriptAssemblies/Unity.Mathematics.Tests.dll not valid. Loading of assembly skipped.
Assembly Unity.Multiplayer.Center.Editor.Tests.dll at Library/ScriptAssemblies/Unity.Multiplayer.Center.Editor.Tests.dll not valid. Loading of assembly skipped.
Assembly Unity.Multiplayer.Center.Tests.dll at Library/ScriptAssemblies/Unity.Multiplayer.Center.Tests.dll not valid. Loading of assembly skipped.
Assembly Unity.Nuget.Mono-Cecil.dll at Library/ScriptAssemblies/Unity.Nuget.Mono-Cecil.dll not valid. Loading of assembly skipped.
Assembly Unity.PathTracing.Editor.Tests.dll at Library/ScriptAssemblies/Unity.PathTracing.Editor.Tests.dll not valid. Loading of assembly skipped.
Assembly Unity.PathTracing.Runtime.Tests.dll at Library/ScriptAssemblies/Unity.PathTracing.Runtime.Tests.dll not valid. Loading of assembly skipped.
Assembly Unity.RenderPipelines.Core.Editor.Tests.dll at Library/ScriptAssemblies/Unity.RenderPipelines.Core.Editor.Tests.dll not valid. Loading of assembly skipped.
Assembly Unity.RenderPipelines.Core.Runtime.Tests.dll at Library/ScriptAssemblies/Unity.RenderPipelines.Core.Runtime.Tests.dll not valid. Loading of assembly skipped.
Assembly Unity.RenderPipelines.Universal.Config.Editor.Tests.dll at Library/ScriptAssemblies/Unity.RenderPipelines.Universal.Config.Editor.Tests.dll not valid. Loading of assembly skipped.
Assembly Unity.RenderPipelines.Universal.Editor.Tests.dll at Library/ScriptAssemblies/Unity.RenderPipelines.Universal.Editor.Tests.dll not valid. Loading of assembly skipped.
Assembly Unity.RenderPipelines.Universal.Runtime.Tests.dll at Library/ScriptAssemblies/Unity.RenderPipelines.Universal.Runtime.Tests.dll not valid. Loading of assembly skipped.
Assembly Unity.Searcher.EditorTests.dll at Library/ScriptAssemblies/Unity.Searcher.EditorTests.dll not valid. Loading of assembly skipped.
Assembly Unity.ShaderGraph.Editor.Tests.dll at Library/ScriptAssemblies/Unity.ShaderGraph.Editor.Tests.dll not valid. Loading of assembly skipped.
Assembly Unity.TextMeshPro.Editor.Tests.dll at Library/ScriptAssemblies/Unity.TextMeshPro.Editor.Tests.dll not valid. Loading of assembly skipped.
Assembly Unity.TextMeshPro.Tests.dll at Library/ScriptAssemblies/Unity.TextMeshPro.Tests.dll not valid. Loading of assembly skipped.
Assembly Unity.UnifiedRayTracing.Editor.Tests.dll at Library/ScriptAssemblies/Unity.UnifiedRayTracing.Editor.Tests.dll not valid. Loading of assembly skipped.
Assembly UnityEditor.UI.Common.Tests.dll at Library/ScriptAssemblies/UnityEditor.UI.Common.Tests.dll not valid. Loading of assembly skipped.
Assembly UnityEditor.UI.EditorTests.dll at Library/ScriptAssemblies/UnityEditor.UI.EditorTests.dll not valid. Loading of assembly skipped.
Assembly UnityEngine.UI.Tests.dll at Library/ScriptAssemblies/UnityEngine.UI.Tests.dll not valid. Loading of assembly skipped.
Symbol file LoadedFromMemory is not a mono symbol file
Native extension for WindowsStandalone target not found
Native extension for WebGL target not found
[Package Manager] Failed to launch server process. Reason: Unity was launched with the -noUpm command-line argument
[Package Manager] Unable to send message (not connected to server process).
[Package Manager] Cannot connect to Unity Package Manager local server
[Package Manager] Failed to launch server process. Reason: Unity was launched with the -noUpm command-line argument
[Package Manager] Unable to send message (not connected to server process).
[Package Manager] Cannot connect to Unity Package Manager local server
ScheduleIndexationOnStartup MainProcess:False IndexOnStartup:True
Mono: successfully reloaded assembly
- Finished resetting the current domain, in  0.802 seconds
Domain Reload Profiling: 1663ms
	BeginReloadAssembly (215ms)
		DisableScriptedObjects (25ms)
		CreateAndSetChildDomain (57ms)
	RebuildCommonClasses (43ms)
	RebuildNativeTypeToScriptingClass (16ms)
	initialDomainReloadingComplete (60ms)
	LoadAllAssembliesAndSetupDomain (527ms)
		LoadAssemblies (356ms)
		AnalyzeDomain (238ms)
			TypeCache.Refresh (9ms)
			BuildScriptInfoCaches (214ms)
			ResolveRequiredComponents (13ms)
	FinalizeReload (802ms)
		SetupLoadedEditorAssemblies (0ms)
			BeforeProcessingInitializeOnLoad (157ms)
			ProcessInitializeOnLoadAttributes (331ms)
			ProcessInitializeOnLoadMethodAttributes (100ms)
			AfterProcessingInitializeOnLoad (7ms)
		AwakeInstancesAfterBackupRestoration (16ms)
Unloading 24 Unused Serialized files (Serialized files now loaded: 0)
Unloading 7018 unused Assets / (5.7 MB). Loaded Objects now: 7969.
Memory consumption went from 178.2 MB to 172.5 MB.
Total: 10.093500 ms (FindLiveObjects: 1.160100 ms CreateObjectMapping: 0.427200 ms MarkObjects: 5.240500 ms  DeleteObjects: 3.264100 ms)

Prepare: number of updated asset objects reloaded= 0
========================================================================
Received Import Request.
  Time since last request: 209.705280 seconds.
  path: Assets/Prefabs/Building/TEM_Wall_Long_03A(Clone).prefab
  importAddress: Guid(b593eb584358d1b4fb49976f227e3d09) Importer(815301076,1909f56bfc062723c751e8b465ee728b)
Start importing Assets/Prefabs/Building/TEM_Wall_Long_03A(Clone).prefab using Guid(b593eb584358d1b4fb49976f227e3d09) Importer(815301076,1909f56bfc062723c751e8b465ee728b) (PreviewImporter) -> (Import Result ID: '5c67ae220c0442b140d254354b3cbdcb') in 0.5714589 seconds [static and dynamic dependencies]. Details - ImportResultOutputID=fe50c9a31a1751de4d8c9c1e00c788fd DependenciesID=b242b0f61da3d871a9d2455b485d29da StaticDependenciesID=a89ca30a5798794e4c8a5332baa6381a 
Number of updated asset objects reloaded before import = 0Number of asset objects unloaded after import = 27

========================================================================
Received Import Request.
  Time since last request: 20.285819 seconds.
  path: Assets/Prefabs/Building/Workshop.asset
  importAddress: Guid(d53d128bfb99477429240fb517a01a3b) Importer(815301076,1909f56bfc062723c751e8b465ee728b)
Start importing Assets/Prefabs/Building/Workshop.asset using Guid(d53d128bfb99477429240fb517a01a3b) Importer(815301076,1909f56bfc062723c751e8b465ee728b) (PreviewImporter) -> (Import Result ID: '5a8d46262ea96c99c86436f108c6d899') in 0.0033352 seconds [static and dynamic dependencies]. Details - ImportResultOutputID=98f78dacc838eedf0481f9cd5b873cb7 DependenciesID=2a146aa6ca3257825c23c9f50b15f952 StaticDependenciesID=c06f4e7797f5c958e0cfc84244112049 
Number of updated asset objects reloaded before import = 0Number of asset objects unloaded after import = 37

========================================================================
Received Import Request.
  Time since last request: 31.769876 seconds.
  path: Assets/Prefabs/Building/TEM_Wall_Long_03A(Clone).prefab
  importAddress: Guid(b593eb584358d1b4fb49976f227e3d09) Importer(815301076,1909f56bfc062723c751e8b465ee728b)
Start importing Assets/Prefabs/Building/TEM_Wall_Long_03A(Clone).prefab using Guid(b593eb584358d1b4fb49976f227e3d09) Importer(815301076,1909f56bfc062723c751e8b465ee728b) (PreviewImporter) -> (Import Result ID: '182a9852c894554de4c81ea46a5ecf52') in 0.0570263 seconds [static and dynamic dependencies]. Details - ImportResultOutputID=bbbacd1c119d2ce820eb296abb612528 DependenciesID=33ee5c1ae71dc1fa63df84928792f4ce StaticDependenciesID=087d1a54f4e4967acaf28eb73e4ea839 
Number of updated asset objects reloaded before import = 0Number of asset objects unloaded after import = 27

========================================================================
Received Import Request.
  Time since last request: 5.385724 seconds.
  path: Assets/Prefabs/Building/TEM_Wall_Long_03A(Clone).prefab
  importAddress: Guid(b593eb584358d1b4fb49976f227e3d09) Importer(815301076,1909f56bfc062723c751e8b465ee728b)
Start importing Assets/Prefabs/Building/TEM_Wall_Long_03A(Clone).prefab using Guid(b593eb584358d1b4fb49976f227e3d09) Importer(815301076,1909f56bfc062723c751e8b465ee728b) (PreviewImporter) -> (Import Result ID: '9277eef80f1c79f6bb5239cc6fd72c01') in 0.0512471 seconds [static and dynamic dependencies]. Details - ImportResultOutputID=fe50c9a31a1751de4d8c9c1e00c788fd DependenciesID=2ba2b6069e41bcd38155f7314bcd45a2 StaticDependenciesID=15cc0dff1764e8a7c0740870f4309eff 
Number of updated asset objects reloaded before import = 0Number of asset objects unloaded after import = 27

========================================================================
Received Import Request.
  Time since last request: 78.547449 seconds.
  path: Assets/Prefabs/Building/TEM_Wall_Long_03A(Clone).prefab
  importAddress: Guid(b593eb584358d1b4fb49976f227e3d09) Importer(815301076,1909f56bfc062723c751e8b465ee728b)
Start importing Assets/Prefabs/Building/TEM_Wall_Long_03A(Clone).prefab using Guid(b593eb584358d1b4fb49976f227e3d09) Importer(815301076,1909f56bfc062723c751e8b465ee728b) (PreviewImporter) -> (Import Result ID: '3887767a60051bf5b8c0eddb85cbcc3b') in 0.0535435 seconds [static and dynamic dependencies]. Details - ImportResultOutputID=3b4f8a3c0e5d47f31c54d3a0b4c6c3c6 DependenciesID=7d4d0d62b61332ffc6d728dcb9ea7c2a StaticDependenciesID=8229d8772910b0dceadc7c601f67ec5f 
Number of updated asset objects reloaded before import = 0Number of asset objects unloaded after import = 27

========================================================================
Received Import Request.
  Time since last request: 27.963452 seconds.
  path: Assets/Prefabs/Building/TEM_Wall_Long_03A(Clone).prefab
  importAddress: Guid(b593eb584358d1b4fb49976f227e3d09) Importer(815301076,1909f56bfc062723c751e8b465ee728b)
Start importing Assets/Prefabs/Building/TEM_Wall_Long_03A(Clone).prefab using Guid(b593eb584358d1b4fb49976f227e3d09) Importer(815301076,1909f56bfc062723c751e8b465ee728b) (PreviewImporter) -> (Import Result ID: 'c18a528a935b036a0d244fa6c8d4d148') in 0.0566205 seconds [static and dynamic dependencies]. Details - ImportResultOutputID=0c764fef0614da56bb3d54ff5b114cef DependenciesID=5f5841af21312fb7773bdd22292a1f92 StaticDependenciesID=6b32544394e4693b6bf3368709e898d4 
Number of updated asset objects reloaded before import = 0Number of asset objects unloaded after import = 27

========================================================================
Received Import Request.
  Time since last request: 0.619554 seconds.
  path: Assets/Prefabs/Building/TEM_Wall_Long_03A(Clone).prefab
  importAddress: Guid(b593eb584358d1b4fb49976f227e3d09) Importer(815301076,1909f56bfc062723c751e8b465ee728b)
Start importing Assets/Prefabs/Building/TEM_Wall_Long_03A(Clone).prefab using Guid(b593eb584358d1b4fb49976f227e3d09) Importer(815301076,1909f56bfc062723c751e8b465ee728b) (PreviewImporter) -> (Import Result ID: '8064f1be26a72e71c72bf122a4663398') in 0.0598044 seconds [static and dynamic dependencies]. Details - ImportResultOutputID=45ae548d59bc139f34bed3588a81af2a DependenciesID=cee852d997bad1cc557d8a280ab9be0c StaticDependenciesID=50efb90484dfe2c9af7811acd6eb2956 
Number of updated asset objects reloaded before import = 0Number of asset objects unloaded after import = 27

========================================================================
Received Import Request.
  Time since last request: 1.225181 seconds.
  path: Assets/Prefabs/Building/TEM_Wall_Long_03A(Clone).prefab
  importAddress: Guid(b593eb584358d1b4fb49976f227e3d09) Importer(815301076,1909f56bfc062723c751e8b465ee728b)
Start importing Assets/Prefabs/Building/TEM_Wall_Long_03A(Clone).prefab using Guid(b593eb584358d1b4fb49976f227e3d09) Importer(815301076,1909f56bfc062723c751e8b465ee728b) (PreviewImporter) -> (Import Result ID: 'ab408d5cd2ddc5a3ded2e1d9a18770e1') in 0.052736 seconds [static and dynamic dependencies]. Details - ImportResultOutputID=fe50c9a31a1751de4d8c9c1e00c788fd DependenciesID=b9d58efa89da73dbcfaee658bf59ab0b StaticDependenciesID=96e1df12f3a8a26895e8c2de850d20f2 
Number of updated asset objects reloaded before import = 0Number of asset objects unloaded after import = 27

========================================================================
Received Import Request.
  Time since last request: 3.222237 seconds.
  path: Assets/Prefabs/Building/TEM_Wall_Long_03A(Clone).prefab
  importAddress: Guid(b593eb584358d1b4fb49976f227e3d09) Importer(815301076,1909f56bfc062723c751e8b465ee728b)
Start importing Assets/Prefabs/Building/TEM_Wall_Long_03A(Clone).prefab using Guid(b593eb584358d1b4fb49976f227e3d09) Importer(815301076,1909f56bfc062723c751e8b465ee728b) (PreviewImporter) -> (Import Result ID: '22664b03849756de9df676237488da43') in 0.0500308 seconds [static and dynamic dependencies]. Details - ImportResultOutputID=fe50c9a31a1751de4d8c9c1e00c788fd DependenciesID=d14857b4f680c45966d5463807190779 StaticDependenciesID=d24ed9ba836e410902792b3eb7e2cd78 
Number of updated asset objects reloaded before import = 0Number of asset objects unloaded after import = 27

========================================================================
Received Prepare
Begin MonoManager ReloadAssembly
[Licensing::Client] Successfully resolved entitlement details
[Licensing::Module] License group:
  Id: F4-GDRJ-JSAW-Z6KE-UYZU-XXXX
  Product: Unity Personal
  Type: ULF
  Expiration: Unlimited
[Licensing::Module] License group:
  Id: 20066153379321-UnityPersXXXX
  Product: Unity Personal
  Type: Assigned
  Expiration: Unlimited
Assembly Assembly-CSharp-Editor-firstpass.dll at Library/ScriptAssemblies/Assembly-CSharp-Editor-firstpass.dll not valid. Loading of assembly skipped.
Assembly Assembly-CSharp-firstpass.dll at Library/ScriptAssemblies/Assembly-CSharp-firstpass.dll not valid. Loading of assembly skipped.
Assembly DocCodeExamples.dll at Library/ScriptAssemblies/DocCodeExamples.dll not valid. Loading of assembly skipped.
Assembly TestNewCustomAssembly.dll at Library/ScriptAssemblies/TestNewCustomAssembly.dll not valid. Loading of assembly skipped.
Assembly Unity.Collections.BurstCompatibilityGen.dll at Library/ScriptAssemblies/Unity.Collections.BurstCompatibilityGen.dll not valid. Loading of assembly skipped.
Assembly Unity.Collections.DocCodeSamples.dll at Library/ScriptAssemblies/Unity.Collections.DocCodeSamples.dll not valid. Loading of assembly skipped.
Assembly Unity.Collections.PerformanceTests.dll at Library/ScriptAssemblies/Unity.Collections.PerformanceTests.dll not valid. Loading of assembly skipped.
Assembly Unity.Collections.Tests.dll at Library/ScriptAssemblies/Unity.Collections.Tests.dll not valid. Loading of assembly skipped.
Assembly Unity.Collections.Tests.Playmode.dll at Library/ScriptAssemblies/Unity.Collections.Tests.Playmode.dll not valid. Loading of assembly skipped.
Assembly Unity.InputSystem.IntegrationTests.dll at Library/ScriptAssemblies/Unity.InputSystem.IntegrationTests.dll not valid. Loading of assembly skipped.
Assembly Unity.Mathematics.Tests.dll at Library/ScriptAssemblies/Unity.Mathematics.Tests.dll not valid. Loading of assembly skipped.
Assembly Unity.Multiplayer.Center.Editor.Tests.dll at Library/ScriptAssemblies/Unity.Multiplayer.Center.Editor.Tests.dll not valid. Loading of assembly skipped.
Assembly Unity.Multiplayer.Center.Tests.dll at Library/ScriptAssemblies/Unity.Multiplayer.Center.Tests.dll not valid. Loading of assembly skipped.
Assembly Unity.Nuget.Mono-Cecil.dll at Library/ScriptAssemblies/Unity.Nuget.Mono-Cecil.dll not valid. Loading of assembly skipped.
Assembly Unity.PathTracing.Editor.Tests.dll at Library/ScriptAssemblies/Unity.PathTracing.Editor.Tests.dll not valid. Loading of assembly skipped.
Assembly Unity.PathTracing.Runtime.Tests.dll at Library/ScriptAssemblies/Unity.PathTracing.Runtime.Tests.dll not valid. Loading of assembly skipped.
Assembly Unity.RenderPipelines.Core.Editor.Tests.dll at Library/ScriptAssemblies/Unity.RenderPipelines.Core.Editor.Tests.dll not valid. Loading of assembly skipped.
Assembly Unity.RenderPipelines.Core.Runtime.Tests.dll at Library/ScriptAssemblies/Unity.RenderPipelines.Core.Runtime.Tests.dll not valid. Loading of assembly skipped.
Assembly Unity.RenderPipelines.Universal.Config.Editor.Tests.dll at Library/ScriptAssemblies/Unity.RenderPipelines.Universal.Config.Editor.Tests.dll not valid. Loading of assembly skipped.
Assembly Unity.RenderPipelines.Universal.Editor.Tests.dll at Library/ScriptAssemblies/Unity.RenderPipelines.Universal.Editor.Tests.dll not valid. Loading of assembly skipped.
Assembly Unity.RenderPipelines.Universal.Runtime.Tests.dll at Library/ScriptAssemblies/Unity.RenderPipelines.Universal.Runtime.Tests.dll not valid. Loading of assembly skipped.
Assembly Unity.Searcher.EditorTests.dll at Library/ScriptAssemblies/Unity.Searcher.EditorTests.dll not valid. Loading of assembly skipped.
Assembly Unity.ShaderGraph.Editor.Tests.dll at Library/ScriptAssemblies/Unity.ShaderGraph.Editor.Tests.dll not valid. Loading of assembly skipped.
Assembly Unity.TextMeshPro.Editor.Tests.dll at Library/ScriptAssemblies/Unity.TextMeshPro.Editor.Tests.dll not valid. Loading of assembly skipped.
Assembly Unity.TextMeshPro.Tests.dll at Library/ScriptAssemblies/Unity.TextMeshPro.Tests.dll not valid. Loading of assembly skipped.
Assembly Unity.UnifiedRayTracing.Editor.Tests.dll at Library/ScriptAssemblies/Unity.UnifiedRayTracing.Editor.Tests.dll not valid. Loading of assembly skipped.
Assembly UnityEditor.UI.Common.Tests.dll at Library/ScriptAssemblies/UnityEditor.UI.Common.Tests.dll not valid. Loading of assembly skipped.
Assembly UnityEditor.UI.EditorTests.dll at Library/ScriptAssemblies/UnityEditor.UI.EditorTests.dll not valid. Loading of assembly skipped.
Assembly UnityEngine.UI.Tests.dll at Library/ScriptAssemblies/UnityEngine.UI.Tests.dll not valid. Loading of assembly skipped.
Symbol file LoadedFromMemory is not a mono symbol file
Native extension for WindowsStandalone target not found
Native extension for WebGL target not found
[Package Manager] Failed to launch server process. Reason: Unity was launched with the -noUpm command-line argument
[Package Manager] Unable to send message (not connected to server process).
[Package Manager] Cannot connect to Unity Package Manager local server
[Package Manager] Failed to launch server process. Reason: Unity was launched with the -noUpm command-line argument
[Package Manager] Unable to send message (not connected to server process).
[Package Manager] Cannot connect to Unity Package Manager local server
ScheduleIndexationOnStartup MainProcess:False IndexOnStartup:True
Mono: successfully reloaded assembly
- Finished resetting the current domain, in  0.765 seconds
Domain Reload Profiling: 1650ms
	BeginReloadAssembly (239ms)
		DisableScriptedObjects (28ms)
		CreateAndSetChildDomain (65ms)
	RebuildCommonClasses (48ms)
	RebuildNativeTypeToScriptingClass (16ms)
	initialDomainReloadingComplete (59ms)
	LoadAllAssembliesAndSetupDomain (522ms)
		LoadAssemblies (358ms)
		AnalyzeDomain (242ms)
			TypeCache.Refresh (9ms)
			BuildScriptInfoCaches (219ms)
			ResolveRequiredComponents (11ms)
	FinalizeReload (766ms)
		SetupLoadedEditorAssemblies (0ms)
			BeforeProcessingInitializeOnLoad (148ms)
			ProcessInitializeOnLoadAttributes (307ms)
			ProcessInitializeOnLoadMethodAttributes (110ms)
			AfterProcessingInitializeOnLoad (6ms)
		AwakeInstancesAfterBackupRestoration (16ms)
Unloading 24 Unused Serialized files (Serialized files now loaded: 0)
Unloading 7018 unused Assets / (5.3 MB). Loaded Objects now: 7992.
Memory consumption went from 178.4 MB to 173.0 MB.
Total: 10.509100 ms (FindLiveObjects: 1.233900 ms CreateObjectMapping: 0.453700 ms MarkObjects: 5.832700 ms  DeleteObjects: 2.987300 ms)

Prepare: number of updated asset objects reloaded= 0
========================================================================
Received Import Request.
  Time since last request: 9.194679 seconds.
  path: Assets/Prefabs/Building/TEM_Wall_Long_03A(Clone).prefab
  importAddress: Guid(b593eb584358d1b4fb49976f227e3d09) Importer(815301076,1909f56bfc062723c751e8b465ee728b)
Start importing Assets/Prefabs/Building/TEM_Wall_Long_03A(Clone).prefab using Guid(b593eb584358d1b4fb49976f227e3d09) Importer(815301076,1909f56bfc062723c751e8b465ee728b) (PreviewImporter) -> (Import Result ID: '08a6984c263c92f2dc25f4145ded8b04') in 0.5293015 seconds [static and dynamic dependencies]. Details - ImportResultOutputID=fe50c9a31a1751de4d8c9c1e00c788fd DependenciesID=da879e22cc90a9ea74cb0009d529ade3 StaticDependenciesID=6afa2ac57db20142343dee054a740207 
Number of updated asset objects reloaded before import = 0Number of asset objects unloaded after import = 27

========================================================================
Received Import Request.
  Time since last request: 77.325146 seconds.
  path: Assets/Prefabs/Building/TEM_Wall_Long_03A(Clone).prefab
  importAddress: Guid(b593eb584358d1b4fb49976f227e3d09) Importer(815301076,1909f56bfc062723c751e8b465ee728b)
Start importing Assets/Prefabs/Building/TEM_Wall_Long_03A(Clone).prefab using Guid(b593eb584358d1b4fb49976f227e3d09) Importer(815301076,1909f56bfc062723c751e8b465ee728b) (PreviewImporter) -> (Import Result ID: '3c5e2d8d5b4ff6cf030fbedbe3f10d5b') in 0.0573812 seconds [static and dynamic dependencies]. Details - ImportResultOutputID=5d772076280070e7889e2f08688d6748 DependenciesID=5f8e5c671db7d22b21a9bd08f5dcd9d5 StaticDependenciesID=bc2746cd4f2d24a93f5937ba6adc704d 
Number of updated asset objects reloaded before import = 0Number of asset objects unloaded after import = 27

========================================================================
Received Import Request.
  Time since last request: 10.036316 seconds.
  path: Assets/Prefabs/Building/TEM_Wall_Long_03A(Clone).prefab
  importAddress: Guid(b593eb584358d1b4fb49976f227e3d09) Importer(815301076,1909f56bfc062723c751e8b465ee728b)
Start importing Assets/Prefabs/Building/TEM_Wall_Long_03A(Clone).prefab using Guid(b593eb584358d1b4fb49976f227e3d09) Importer(815301076,1909f56bfc062723c751e8b465ee728b) (PreviewImporter) -> (Import Result ID: 'a404b94fcf54a39db05c4a6bb438201f') in 0.0541739 seconds [static and dynamic dependencies]. Details - ImportResultOutputID=d5a93537e74171b0a1961c7f897c2e42 DependenciesID=90cad87c49db46e333ca80ee80a723f5 StaticDependenciesID=9407a214937c7923ba86bc7319c9518f 
Number of updated asset objects reloaded before import = 0Number of asset objects unloaded after import = 27

========================================================================
Received Import Request.
  Time since last request: 3.525070 seconds.
  path: Assets/Prefabs/Building/TEM_Wall_Long_03A(Clone).prefab
  importAddress: Guid(b593eb584358d1b4fb49976f227e3d09) Importer(815301076,1909f56bfc062723c751e8b465ee728b)
Start importing Assets/Prefabs/Building/TEM_Wall_Long_03A(Clone).prefab using Guid(b593eb584358d1b4fb49976f227e3d09) Importer(815301076,1909f56bfc062723c751e8b465ee728b) (PreviewImporter) -> (Import Result ID: '0044fe7ec201fa41c04dc9f579876bc8') in 0.0626799 seconds [static and dynamic dependencies]. Details - ImportResultOutputID=986d5f3c7824424385c49c25a4d29515 DependenciesID=ee1eb53c66ca6d502621be0742753ff4 StaticDependenciesID=13e04e7430b095359ea5d85ad98950ff 
Number of updated asset objects reloaded before import = 0Number of asset objects unloaded after import = 27

========================================================================
Received Import Request.
  Time since last request: 2.915100 seconds.
  path: Assets/Prefabs/Building/TEM_Wall_Long_03A(Clone).prefab
  importAddress: Guid(b593eb584358d1b4fb49976f227e3d09) Importer(815301076,1909f56bfc062723c751e8b465ee728b)
Start importing Assets/Prefabs/Building/TEM_Wall_Long_03A(Clone).prefab using Guid(b593eb584358d1b4fb49976f227e3d09) Importer(815301076,1909f56bfc062723c751e8b465ee728b) (PreviewImporter) -> (Import Result ID: 'ec1db3403faf3859471d77a41c47b7bf') in 0.0532433 seconds [static and dynamic dependencies]. Details - ImportResultOutputID=ee6be4008d081b2ed86a0aefc061235e DependenciesID=ab6131ce7c7aea4d9c6fdb50384c69c1 StaticDependenciesID=47781624c721ceccd9a3d01e91d1e1e8 
Number of updated asset objects reloaded before import = 0Number of asset objects unloaded after import = 27

========================================================================
Received Import Request.
  Time since last request: 11.624632 seconds.
  path: Assets/Prefabs/Building/TEM_Wood_Floor_01A(Clone).prefab
  importAddress: Guid(3b3a47f1e04fabd47b28908a95899be2) Importer(815301076,1909f56bfc062723c751e8b465ee728b)
Start importing Assets/Prefabs/Building/TEM_Wood_Floor_01A(Clone).prefab using Guid(3b3a47f1e04fabd47b28908a95899be2) Importer(815301076,1909f56bfc062723c751e8b465ee728b) (PreviewImporter) -> (Import Result ID: 'fa149881311583472389ecb772fec55b') in 0.028426 seconds [static and dynamic dependencies]. Details - ImportResultOutputID=1708bcf47726b529a0fa66448f1b106e DependenciesID=5ef5eefad3d423166aca8ddfbb3f3527 StaticDependenciesID=8881b0af00b1ab1666f114a5c2a8695e 
Number of updated asset objects reloaded before import = 0Number of asset objects unloaded after import = 13

========================================================================
Received Import Request.
  Time since last request: 0.805753 seconds.
  path: Assets/Prefabs/Building/TEM_Wood_Floor_01A(Clone).prefab
  importAddress: Guid(3b3a47f1e04fabd47b28908a95899be2) Importer(815301076,1909f56bfc062723c751e8b465ee728b)
Start importing Assets/Prefabs/Building/TEM_Wood_Floor_01A(Clone).prefab using Guid(3b3a47f1e04fabd47b28908a95899be2) Importer(815301076,1909f56bfc062723c751e8b465ee728b) (PreviewImporter) -> (Import Result ID: '3ad1d02574807e4463f01d418f42fc4b') in 0.0339287 seconds [static and dynamic dependencies]. Details - ImportResultOutputID=197a14d0a02f02d3171958dae1cd7033 DependenciesID=92e835b573d56f3b86b838018c6d9aaf StaticDependenciesID=3d9366d4b0da7f02a692ec01ac0d388e 
Number of updated asset objects reloaded before import = 0Number of asset objects unloaded after import = 13

========================================================================
Received Import Request.
  Time since last request: 5.696068 seconds.
  path: Assets/Prefabs/Building/TEM_Wood_Floor_01A(Clone).prefab
  importAddress: Guid(3b3a47f1e04fabd47b28908a95899be2) Importer(815301076,1909f56bfc062723c751e8b465ee728b)
Start importing Assets/Prefabs/Building/TEM_Wood_Floor_01A(Clone).prefab using Guid(3b3a47f1e04fabd47b28908a95899be2) Importer(815301076,1909f56bfc062723c751e8b465ee728b) (PreviewImporter) -> (Import Result ID: 'e925a61817d0dbab3df53bafee2ea1da') in 0.0343119 seconds [static and dynamic dependencies]. Details - ImportResultOutputID=20c13bb55efa32b1f010f699e354ac84 DependenciesID=8191bc989a1b3fb05bc0c99829cc68be StaticDependenciesID=aa0fc3658c0b167194c3b95ec9e218e3 
Number of updated asset objects reloaded before import = 0Number of asset objects unloaded after import = 13

========================================================================
Received Import Request.
  Time since last request: 20.977951 seconds.
  path: Assets/Prefabs/Building/TEM_Wall_Long_03A(Clone).prefab
  importAddress: Guid(b593eb584358d1b4fb49976f227e3d09) Importer(815301076,1909f56bfc062723c751e8b465ee728b)
Start importing Assets/Prefabs/Building/TEM_Wall_Long_03A(Clone).prefab using Guid(b593eb584358d1b4fb49976f227e3d09) Importer(815301076,1909f56bfc062723c751e8b465ee728b) (PreviewImporter) -> (Import Result ID: '9311d755443f507c2e49dcb6b2f264cf') in 0.0530235 seconds [static and dynamic dependencies]. Details - ImportResultOutputID=71b81db72f94ab7c368668361df3a2eb DependenciesID=4dd7c5c8f2f11334b0a5501e1e822d75 StaticDependenciesID=63ce50190cc2f861616a3102d48960f1 
Number of updated asset objects reloaded before import = 0Number of asset objects unloaded after import = 27

========================================================================
Received Import Request.
  Time since last request: 1.234770 seconds.
  path: Assets/Prefabs/Building/TEM_Wall_Long_03A(Clone).prefab
  importAddress: Guid(b593eb584358d1b4fb49976f227e3d09) Importer(815301076,1909f56bfc062723c751e8b465ee728b)
Start importing Assets/Prefabs/Building/TEM_Wall_Long_03A(Clone).prefab using Guid(b593eb584358d1b4fb49976f227e3d09) Importer(815301076,1909f56bfc062723c751e8b465ee728b) (PreviewImporter) -> (Import Result ID: '32119fec78adf5cfc324e91e2f5d5f7b') in 0.0537758 seconds [static and dynamic dependencies]. Details - ImportResultOutputID=ee6be4008d081b2ed86a0aefc061235e DependenciesID=af004ed22cb3a948a014d256ae65d8f1 StaticDependenciesID=d374bd01165f7ed3c838f6a094905e6f 
Number of updated asset objects reloaded before import = 0Number of asset objects unloaded after import = 27

========================================================================
Received Import Request.
  Time since last request: 22.802101 seconds.
  path: Assets/Prefabs/Building/TEM_Wall_Long_03A(Clone).prefab
  importAddress: Guid(b593eb584358d1b4fb49976f227e3d09) Importer(815301076,1909f56bfc062723c751e8b465ee728b)
Start importing Assets/Prefabs/Building/TEM_Wall_Long_03A(Clone).prefab using Guid(b593eb584358d1b4fb49976f227e3d09) Importer(815301076,1909f56bfc062723c751e8b465ee728b) (PreviewImporter) -> (Import Result ID: '0bc551029509fd7ed4313ccfbe866996') in 0.0555741 seconds [static and dynamic dependencies]. Details - ImportResultOutputID=eed786c2b6d069759718ce0182551022 DependenciesID=0f78dc3019c6ee1626617228a42b1374 StaticDependenciesID=13daba2353133da2fe73edca8cff5ebf 
Number of updated asset objects reloaded before import = 0Number of asset objects unloaded after import = 27

========================================================================
Received Import Request.
  Time since last request: 1.625485 seconds.
  path: Assets/Prefabs/Building/TEM_Wall_Long_03A(Clone).prefab
  importAddress: Guid(b593eb584358d1b4fb49976f227e3d09) Importer(815301076,1909f56bfc062723c751e8b465ee728b)
Start importing Assets/Prefabs/Building/TEM_Wall_Long_03A(Clone).prefab using Guid(b593eb584358d1b4fb49976f227e3d09) Importer(815301076,1909f56bfc062723c751e8b465ee728b) (PreviewImporter) -> (Import Result ID: '0b9e989f0d4c20f9194c26d0357598fe') in 0.0483657 seconds [static and dynamic dependencies]. Details - ImportResultOutputID=cd546b1cf210febfe37012ec51cc7702 DependenciesID=b2bb1788cfc3101a85d543ea5ae8a28a StaticDependenciesID=28a3cdb31dbfa586ab4e2b4821cc849d 
Number of updated asset objects reloaded before import = 0Number of asset objects unloaded after import = 27

========================================================================
Received Import Request.
  Time since last request: 1.636322 seconds.
  path: Assets/Prefabs/Building/TEM_Wall_Long_03A(Clone).prefab
  importAddress: Guid(b593eb584358d1b4fb49976f227e3d09) Importer(815301076,1909f56bfc062723c751e8b465ee728b)
Start importing Assets/Prefabs/Building/TEM_Wall_Long_03A(Clone).prefab using Guid(b593eb584358d1b4fb49976f227e3d09) Importer(815301076,1909f56bfc062723c751e8b465ee728b) (PreviewImporter) -> (Import Result ID: '33e71587791f5ef07e66bc35f9c9f83a') in 0.0542852 seconds [static and dynamic dependencies]. Details - ImportResultOutputID=6484e837b805543b758cfc1cf2ea1ac6 DependenciesID=76567f397809f6a4ec2693b269aa6270 StaticDependenciesID=66325e0b336856146504bafdc27268bd 
Number of updated asset objects reloaded before import = 0Number of asset objects unloaded after import = 27

========================================================================
Received Import Request.
  Time since last request: 1.030412 seconds.
  path: Assets/Prefabs/Building/TEM_Wall_Long_03A(Clone).prefab
  importAddress: Guid(b593eb584358d1b4fb49976f227e3d09) Importer(815301076,1909f56bfc062723c751e8b465ee728b)
Start importing Assets/Prefabs/Building/TEM_Wall_Long_03A(Clone).prefab using Guid(b593eb584358d1b4fb49976f227e3d09) Importer(815301076,1909f56bfc062723c751e8b465ee728b) (PreviewImporter) -> (Import Result ID: '15d5a95f942d408832caf284e6c7992d') in 0.0601042 seconds [static and dynamic dependencies]. Details - ImportResultOutputID=ee6be4008d081b2ed86a0aefc061235e DependenciesID=a23ec7de386bc4c39294bcbcd98e690f StaticDependenciesID=a55b5c37683f0dff554abe511108096e 
Number of updated asset objects reloaded before import = 0Number of asset objects unloaded after import = 27

========================================================================
Received Import Request.
  Time since last request: 27.147426 seconds.
  path: Assets/Prefabs/Building/TEM_Wall_Long_03A(Clone).prefab
  importAddress: Guid(b593eb584358d1b4fb49976f227e3d09) Importer(815301076,1909f56bfc062723c751e8b465ee728b)
Start importing Assets/Prefabs/Building/TEM_Wall_Long_03A(Clone).prefab using Guid(b593eb584358d1b4fb49976f227e3d09) Importer(815301076,1909f56bfc062723c751e8b465ee728b) (PreviewImporter) -> (Import Result ID: '8835985bfcd4d19c10b5a7a11d8f66a1') in 0.0536118 seconds [static and dynamic dependencies]. Details - ImportResultOutputID=ee6be4008d081b2ed86a0aefc061235e DependenciesID=da4d43d2a34a7a9ab57f97345614ef57 StaticDependenciesID=4b33e024fef895d0cbf526cb4d78ae4c 
Number of updated asset objects reloaded before import = 0Number of asset objects unloaded after import = 27

========================================================================
Received Import Request.
  Time since last request: 17.011662 seconds.
  path: Assets/Prefabs/Building/TEM_Wall_Long_03A(Clone).prefab
  importAddress: Guid(b593eb584358d1b4fb49976f227e3d09) Importer(815301076,1909f56bfc062723c751e8b465ee728b)
Start importing Assets/Prefabs/Building/TEM_Wall_Long_03A(Clone).prefab using Guid(b593eb584358d1b4fb49976f227e3d09) Importer(815301076,1909f56bfc062723c751e8b465ee728b) (PreviewImporter) -> (Import Result ID: '62e7ee19af47f15c3d1bbc260a268cf6') in 0.0555759 seconds [static and dynamic dependencies]. Details - ImportResultOutputID=d4d1b1b38da1768d93f7096a1e50eb5e DependenciesID=6b3669f7f9d83cdbdc8bee05cc4c6a71 StaticDependenciesID=9c0e080bfeb170a84ca3ca89791f243c 
Number of updated asset objects reloaded before import = 0Number of asset objects unloaded after import = 27

========================================================================
Received Import Request.
  Time since last request: 1.715016 seconds.
  path: Assets/Prefabs/Building/TEM_Wall_Long_03A(Clone).prefab
  importAddress: Guid(b593eb584358d1b4fb49976f227e3d09) Importer(815301076,1909f56bfc062723c751e8b465ee728b)
Start importing Assets/Prefabs/Building/TEM_Wall_Long_03A(Clone).prefab using Guid(b593eb584358d1b4fb49976f227e3d09) Importer(815301076,1909f56bfc062723c751e8b465ee728b) (PreviewImporter) -> (Import Result ID: 'a81924d7b04f70f234bdd9558ace4960') in 0.0507695 seconds [static and dynamic dependencies]. Details - ImportResultOutputID=ee6be4008d081b2ed86a0aefc061235e DependenciesID=74818d2b182e44370c6d66018edc96ac StaticDependenciesID=2c4deba3612f69a04c3bf321c0eada66 
Number of updated asset objects reloaded before import = 0Number of asset objects unloaded after import = 27

========================================================================
Received Import Request.
  Time since last request: 16.923493 seconds.
  path: Assets/Prefabs/Building/TEM_Wall_Long_03A(Clone).prefab
  importAddress: Guid(b593eb584358d1b4fb49976f227e3d09) Importer(815301076,1909f56bfc062723c751e8b465ee728b)
Start importing Assets/Prefabs/Building/TEM_Wall_Long_03A(Clone).prefab using Guid(b593eb584358d1b4fb49976f227e3d09) Importer(815301076,1909f56bfc062723c751e8b465ee728b) (PreviewImporter) -> (Import Result ID: 'c703ff215aeb2da815f34c67cd34a390') in 0.0539599 seconds [static and dynamic dependencies]. Details - ImportResultOutputID=88f48c7f90ab1a8bb86076972df2f86a DependenciesID=d87437eb6999651d5a904737330fb2d6 StaticDependenciesID=a6987ae4549222cf8a8f8a6772f9c641 
Number of updated asset objects reloaded before import = 0Number of asset objects unloaded after import = 27

========================================================================
Received Import Request.
  Time since last request: 1.030201 seconds.
  path: Assets/Prefabs/Building/TEM_Wall_Long_03A(Clone).prefab
  importAddress: Guid(b593eb584358d1b4fb49976f227e3d09) Importer(815301076,1909f56bfc062723c751e8b465ee728b)
Start importing Assets/Prefabs/Building/TEM_Wall_Long_03A(Clone).prefab using Guid(b593eb584358d1b4fb49976f227e3d09) Importer(815301076,1909f56bfc062723c751e8b465ee728b) (PreviewImporter) -> (Import Result ID: 'f63e672e7b3bb10dfe57b7bdb88a29da') in 0.0561986 seconds [static and dynamic dependencies]. Details - ImportResultOutputID=ee6be4008d081b2ed86a0aefc061235e DependenciesID=5350786c0c870047b76717d42fa1cc1d StaticDependenciesID=5e1adf4fb7c5ad00da8dafbaf87fabba 
Number of updated asset objects reloaded before import = 0Number of asset objects unloaded after import = 27

========================================================================
Received Import Request.
  Time since last request: 15.279891 seconds.
  path: Assets/Prefabs/Building/TEM_Wall_Long_03A(Clone).prefab
  importAddress: Guid(b593eb584358d1b4fb49976f227e3d09) Importer(815301076,1909f56bfc062723c751e8b465ee728b)
Start importing Assets/Prefabs/Building/TEM_Wall_Long_03A(Clone).prefab using Guid(b593eb584358d1b4fb49976f227e3d09) Importer(815301076,1909f56bfc062723c751e8b465ee728b) (PreviewImporter) -> (Import Result ID: '7cde46bf4a271af10ac40bac8a0b65a2') in 0.0633108 seconds [static and dynamic dependencies]. Details - ImportResultOutputID=ee6be4008d081b2ed86a0aefc061235e DependenciesID=1463090e088f0bd71d3e5f502080db22 StaticDependenciesID=1c1600371815b860ed0c247b49bcb754 
Number of updated asset objects reloaded before import = 0Number of asset objects unloaded after import = 27

========================================================================
Received Import Request.
  Time since last request: 55.226988 seconds.
  path: Assets/Prefabs/Building/TEM_Wood_Floor_01A(Clone).prefab
  importAddress: Guid(3b3a47f1e04fabd47b28908a95899be2) Importer(815301076,1909f56bfc062723c751e8b465ee728b)
Start importing Assets/Prefabs/Building/TEM_Wood_Floor_01A(Clone).prefab using Guid(3b3a47f1e04fabd47b28908a95899be2) Importer(815301076,1909f56bfc062723c751e8b465ee728b) (PreviewImporter) -> (Import Result ID: 'd16269e7b5ce09cbb35e8966173c5d9b') in 0.0313526 seconds [static and dynamic dependencies]. Details - ImportResultOutputID=56ebf3c899bd859952b6631992d58736 DependenciesID=a317a139ecc4ca5985c06b0e28db069b StaticDependenciesID=a1ba81c7be67bd16398816340fa31a33 
Number of updated asset objects reloaded before import = 0Number of asset objects unloaded after import = 13

========================================================================
Received Import Request.
  Time since last request: 1.336624 seconds.
  path: Assets/Prefabs/Building/TEM_Wood_Floor_01A(Clone).prefab
  importAddress: Guid(3b3a47f1e04fabd47b28908a95899be2) Importer(815301076,1909f56bfc062723c751e8b465ee728b)
Start importing Assets/Prefabs/Building/TEM_Wood_Floor_01A(Clone).prefab using Guid(3b3a47f1e04fabd47b28908a95899be2) Importer(815301076,1909f56bfc062723c751e8b465ee728b) (PreviewImporter) -> (Import Result ID: '6b21ba4c0c7239b37ac895e974e476f9') in 0.0326704 seconds [static and dynamic dependencies]. Details - ImportResultOutputID=75fe75ebc5e87de630a672dadb0fef9d DependenciesID=6fdca52f67fd485259415a8b1098498c StaticDependenciesID=9ae5baf52dbf6cb090fcd797fb48b278 
Number of updated asset objects reloaded before import = 0Number of asset objects unloaded after import = 13

========================================================================
Received Import Request.
  Time since last request: 1.692434 seconds.
  path: Assets/Prefabs/Building/TEM_Wood_Floor_01A(Clone).prefab
  importAddress: Guid(3b3a47f1e04fabd47b28908a95899be2) Importer(815301076,1909f56bfc062723c751e8b465ee728b)
Start importing Assets/Prefabs/Building/TEM_Wood_Floor_01A(Clone).prefab using Guid(3b3a47f1e04fabd47b28908a95899be2) Importer(815301076,1909f56bfc062723c751e8b465ee728b) (PreviewImporter) -> (Import Result ID: 'e5d0b912ca34c71355668c43d11fe591') in 0.0259064 seconds [static and dynamic dependencies]. Details - ImportResultOutputID=1708bcf47726b529a0fa66448f1b106e DependenciesID=ad99ba9522e394daae586dcb4858fd20 StaticDependenciesID=493d348b5470feaca236805a11d13bb1 
Number of updated asset objects reloaded before import = 0Number of asset objects unloaded after import = 13

========================================================================
Received Import Request.
  Time since last request: 17.882441 seconds.
  path: Assets/Prefabs/Building/TEM_Wood_Floor_01A(Clone).prefab
  importAddress: Guid(3b3a47f1e04fabd47b28908a95899be2) Importer(815301076,1909f56bfc062723c751e8b465ee728b)
Start importing Assets/Prefabs/Building/TEM_Wood_Floor_01A(Clone).prefab using Guid(3b3a47f1e04fabd47b28908a95899be2) Importer(815301076,1909f56bfc062723c751e8b465ee728b) (PreviewImporter) -> (Import Result ID: '087c355efb72620c1af667021e087e8d') in 0.0311997 seconds [static and dynamic dependencies]. Details - ImportResultOutputID=417fd72db07e6707f402c81a19a3bc91 DependenciesID=81567e34d2f082e64090f0a47be49bab StaticDependenciesID=7c6efe659b6e7e92e777009cb398e2e9 
Number of updated asset objects reloaded before import = 0Number of asset objects unloaded after import = 13

========================================================================
Received Import Request.
  Time since last request: 2.482163 seconds.
  path: Assets/Prefabs/Building/TEM_Wood_Floor_01A(Clone).prefab
  importAddress: Guid(3b3a47f1e04fabd47b28908a95899be2) Importer(815301076,1909f56bfc062723c751e8b465ee728b)
Start importing Assets/Prefabs/Building/TEM_Wood_Floor_01A(Clone).prefab using Guid(3b3a47f1e04fabd47b28908a95899be2) Importer(815301076,1909f56bfc062723c751e8b465ee728b) (PreviewImporter) -> (Import Result ID: 'e2a3b0e71df25411c47115df1e546afe') in 0.0247502 seconds [static and dynamic dependencies]. Details - ImportResultOutputID=1708bcf47726b529a0fa66448f1b106e DependenciesID=ff1274163f1c6be66c650c1bd326df22 StaticDependenciesID=786432dd6b07fc94cc79a7ce3b9466bf 
Number of updated asset objects reloaded before import = 0Number of asset objects unloaded after import = 13

========================================================================
Received Import Request.
  Time since last request: 79.152732 seconds.
  path: Assets/Prefabs/Building/TEM_Stone_Slab_01A(Clone).prefab
  importAddress: Guid(f2aa3b3835a83764dba9dcff1b17fd2e) Importer(815301076,1909f56bfc062723c751e8b465ee728b)
Start importing Assets/Prefabs/Building/TEM_Stone_Slab_01A(Clone).prefab using Guid(f2aa3b3835a83764dba9dcff1b17fd2e) Importer(815301076,1909f56bfc062723c751e8b465ee728b) (PreviewImporter) -> (Import Result ID: '9f03294bd9f69ccbfb6710d423246e26') in 0.05395 seconds [static and dynamic dependencies]. Details - ImportResultOutputID=6534963549cd58f691d2b50823a57d4b DependenciesID=6b22cff509c5dd552b624477eef56201 StaticDependenciesID=16bd760100e029c666ab74b7a825d042 
Number of updated asset objects reloaded before import = 0Number of asset objects unloaded after import = 15

========================================================================
Received Import Request.
  Time since last request: 1.683534 seconds.
  path: Assets/Prefabs/Building/TEM_Stone_Slab_01A(Clone).prefab
  importAddress: Guid(f2aa3b3835a83764dba9dcff1b17fd2e) Importer(815301076,1909f56bfc062723c751e8b465ee728b)
Start importing Assets/Prefabs/Building/TEM_Stone_Slab_01A(Clone).prefab using Guid(f2aa3b3835a83764dba9dcff1b17fd2e) Importer(815301076,1909f56bfc062723c751e8b465ee728b) (PreviewImporter) -> (Import Result ID: '05d9dfa653cacfc66eda5c39a13d17d8') in 0.0581202 seconds [static and dynamic dependencies]. Details - ImportResultOutputID=09d2e3ce6e596ffe303fd60ac1a885dd DependenciesID=eec91610785f6bdf04751be17a15343d StaticDependenciesID=b8515ae151d6e88ce6bf9cbf025496ac 
Number of updated asset objects reloaded before import = 0Number of asset objects unloaded after import = 15

========================================================================
Received Import Request.
  Time since last request: 25.927149 seconds.
  path: Assets/Prefabs/Building/TEM_Stone_Slab_01A(Clone).prefab
  importAddress: Guid(f2aa3b3835a83764dba9dcff1b17fd2e) Importer(815301076,1909f56bfc062723c751e8b465ee728b)
Start importing Assets/Prefabs/Building/TEM_Stone_Slab_01A(Clone).prefab using Guid(f2aa3b3835a83764dba9dcff1b17fd2e) Importer(815301076,1909f56bfc062723c751e8b465ee728b) (PreviewImporter) -> (Import Result ID: 'aeae8b526aa1df7f5606fa2cd02b58eb') in 0.0502729 seconds [static and dynamic dependencies]. Details - ImportResultOutputID=29b506b8ce1a43b4c3b1e1b456def4ea DependenciesID=9a48828c9ffa21f543c8ac39c34494df StaticDependenciesID=1b06a67e9d5642fff09edfda7e15962a 
Number of updated asset objects reloaded before import = 0Number of asset objects unloaded after import = 15

========================================================================
Received Import Request.
  Time since last request: 2.324517 seconds.
  path: Assets/Prefabs/Building/TEM_Stone_Slab_01A(Clone).prefab
  importAddress: Guid(f2aa3b3835a83764dba9dcff1b17fd2e) Importer(815301076,1909f56bfc062723c751e8b465ee728b)
Start importing Assets/Prefabs/Building/TEM_Stone_Slab_01A(Clone).prefab using Guid(f2aa3b3835a83764dba9dcff1b17fd2e) Importer(815301076,1909f56bfc062723c751e8b465ee728b) (PreviewImporter) -> (Import Result ID: 'b79859bd3e543321e03dcc3880db6d82') in 0.0500927 seconds [static and dynamic dependencies]. Details - ImportResultOutputID=44ee1030abe1eec09cc4b6f07e3da015 DependenciesID=090e39464d7024403e2890ead14145c6 StaticDependenciesID=dea05d9f2bf57fe24dfdf747c4775314 
Number of updated asset objects reloaded before import = 0Number of asset objects unloaded after import = 15

========================================================================
Received Import Request.
  Time since last request: 1.512838 seconds.
  path: Assets/Prefabs/Building/TEM_Stone_Slab_01A(Clone).prefab
  importAddress: Guid(f2aa3b3835a83764dba9dcff1b17fd2e) Importer(815301076,1909f56bfc062723c751e8b465ee728b)
Start importing Assets/Prefabs/Building/TEM_Stone_Slab_01A(Clone).prefab using Guid(f2aa3b3835a83764dba9dcff1b17fd2e) Importer(815301076,1909f56bfc062723c751e8b465ee728b) (PreviewImporter) -> (Import Result ID: 'a95997c469aa3993de6a1a6cdd3be1be') in 0.0493573 seconds [static and dynamic dependencies]. Details - ImportResultOutputID=8fac5ac32e2487ec7156113ff43d0fbc DependenciesID=5279e3827e57500d69d3bd19177f2a21 StaticDependenciesID=df2efe741400f117701334fe3e81f9d7 
Number of updated asset objects reloaded before import = 0Number of asset objects unloaded after import = 15

